,X0X1_type,X0X1_setting,X0X1_expectation,X0X1_std_err,X0X1_total_counts,X0X1_raw_expectation,X0X1_raw_std_err,X0X1_calibration_expectation,X0X1_calibration_std_err,X0X1_calibration_counts,Y0Y1_type,Y0Y1_setting,Y0Y1_expectation,Y0Y1_std_err,Y0Y1_total_counts,Y0Y1_raw_expectation,Y0Y1_raw_std_err,Y0Y1_calibration_expectation,Y0Y1_calibration_std_err,Y0Y1_calibration_counts,Z0Z1_type,Z0Z1_setting,Z0Z1_expectation,Z0Z1_std_err,Z0Z1_total_counts,Z0Z1_raw_expectation,Z0Z1_raw_std_err,Z0Z1_calibration_expectation,Z0Z1_calibration_std_err,Z0Z1_calibration_counts,Z0_type,Z0_setting,Z0_expectation,Z0_std_err,Z0_total_counts,Z0_raw_expectation,Z0_raw_std_err,Z0_calibration_expectation,Z0_calibration_std_err,Z0_calibration_counts,Z1_type,Z1_setting,Z1_expectation,Z1_std_err,Z1_total_counts,Z1_raw_expectation,Z1_raw_std_err,Z1_calibration_expectation,Z1_calibration_std_err,Z1_calibration_counts
0.25864517830759337,ExperimentResult,Z0_0 * Z0_1→(1+0j)*X0X1,-0.4952,0.01737905626432734,2500,,,,,,ExperimentResult,Z0_0 * Z0_1→(1+0j)*Y0Y1,-0.4984,0.017342412741942363,2500,,,,,,ExperimentResult,Z0_0 * Z0_1→(1+0j)*Z0Z1,-1.0,0.0,2500,,,,,,ExperimentResult,Z0_0 * Z0_1→(1+0j)*Z0,-0.8808,0.009471664530143935,2500,,,,,,ExperimentResult,Z0_0 * Z0_1→(1+0j)*Z1,0.8808,0.009471664530143935,2500,,,,,
-0.5740661274631952,ExperimentResult,Z0_0 * Z0_1→(1+0j)*X0X1,0.9192,0.007877395848003226,2500,,,,,,ExperimentResult,Z0_0 * Z0_1→(1+0j)*Y0Y1,0.9056,0.008484353228141785,2500,,,,,,ExperimentResult,Z0_0 * Z0_1→(1+0j)*Z0Z1,-1.0,0.0,2500,,,,,,ExperimentResult,Z0_0 * Z0_1→(1+0j)*Z0,-0.4264,0.018094313407008983,2500,,,,,,ExperimentResult,Z0_0 * Z0_1→(1+0j)*Z1,0.4264,0.018094313407008983,2500,,,,,
0.6750008311929876,ExperimentResult,Z0_0 * Z0_1→(1+0j)*X0X1,-0.9768,0.004283928666297698,2500,,,,,,ExperimentResult,Z0_0 * Z0_1→(1+0j)*Y0Y1,-0.9736,0.004566131384698532,2500,,,,,,ExperimentResult,Z0_0 * Z0_1→(1+0j)*Z0Z1,-1.0,0.0,2500,,,,,,ExperimentResult,Z0_0 * Z0_1→(1+0j)*Z0,-0.2104,0.01955621932495415,2500,,,,,,ExperimentResult,Z0_0 * Z0_1→(1+0j)*Z1,0.2104,0.01955621932495415,2500,,,,,
-1.1796743498419504,ExperimentResult,Z0_0 * Z0_1→(1+0j)*X0X1,0.7144,0.013997550806174222,2500,,,,,,ExperimentResult,Z0_0 * Z0_1→(1+0j)*Y0Y1,0.7048,0.014190959704506739,2500,,,,,,ExperimentResult,Z0_0 * Z0_1→(1+0j)*Z0Z1,-1.0,0.0,2500,,,,,,ExperimentResult,Z0_0 * Z0_1→(1+0j)*Z0,0.7344,0.013577053824605048,2500,,,,,,ExperimentResult,Z0_0 * Z0_1→(1+0j)*Z1,-0.7344,0.013577053824605048,2500,,,,,
1.091356484078382,ExperimentResult,Z0_0 * Z0_1→(1+0j)*X0X1,-0.8056,0.01185156697892487,2500,,,,,,ExperimentResult,Z0_0 * Z0_1→(1+0j)*Y0Y1,-0.8112,0.011697715957546984,2500,,,,,,ExperimentResult,Z0_0 * Z0_1→(1+0j)*Z0Z1,-1.0,0.0,2500,,,,,,ExperimentResult,Z0_0 * Z0_1→(1+0j)*Z0,0.5632,0.01652971858921559,2500,,,,,,ExperimentResult,Z0_0 * Z0_1→(1+0j)*Z1,-0.5632,0.01652971858921559,2500,,,,,
-0.14509363661157693,ExperimentResult,Z0_0 * Z0_1→(1+0j)*X0X1,0.2776,0.019217778883369535,2500,,,,,,ExperimentResult,Z0_0 * Z0_1→(1+0j)*Y0Y1,0.2928,0.019127300003978002,2500,,,,,,ExperimentResult,Z0_0 * Z0_1→(1+0j)*Z0Z1,-1.0,0.0,2500,,,,,,ExperimentResult,Z0_0 * Z0_1→(1+0j)*Z0,-0.9536,0.006022734041125387,2500,,,,,,ExperimentResult,Z0_0 * Z0_1→(1+0j)*Z1,0.9536,0.006022734041125387,2500,,,,,
-1.2175248637406226,ExperimentResult,Z0_0 * Z0_1→(1+0j)*X0X1,0.632,0.015502468532857758,2500,,,,,,ExperimentResult,Z0_0 * Z0_1→(1+0j)*Y0Y1,0.6536,0.015139831630527477,2500,,,,,,ExperimentResult,Z0_0 * Z0_1→(1+0j)*Z0Z1,-1.0,0.0,2500,,,,,,ExperimentResult,Z0_0 * Z0_1→(1+0j)*Z0,0.7848,0.012397461950944866,2500,,,,,,ExperimentResult,Z0_0 * Z0_1→(1+0j)*Z1,-0.7848,0.012397461950944866,2500,,,,,
0.3091125301724895,ExperimentResult,Z0_0 * Z0_1→(1+0j)*X0X1,-0.5832,0.01624982235874215,2500,,,,,,ExperimentResult,Z0_0 * Z0_1→(1+0j)*Y0Y1,-0.568,0.016463864173680853,2500,,,,,,ExperimentResult,Z0_0 * Z0_1→(1+0j)*Z0Z1,-1.0,0.0,2500,,,,,,ExperimentResult,Z0_0 * Z0_1→(1+0j)*Z0,-0.8344,0.011025392496953461,2500,,,,,,ExperimentResult,Z0_0 * Z0_1→(1+0j)*Z1,0.8344,0.011025392496953461,2500,,,,,
-0.8390197247539006,ExperimentResult,Z0_0 * Z0_1→(1+0j)*X0X1,0.9904,0.0027651753068822084,2500,,,,,,ExperimentResult,Z0_0 * Z0_1→(1+0j)*Y0Y1,0.9928,0.0023961553839953074,2500,,,,,,ExperimentResult,Z0_0 * Z0_1→(1+0j)*Z0Z1,-1.0,0.0,2500,,,,,,ExperimentResult,Z0_0 * Z0_1→(1+0j)*Z0,0.068,0.01995769836152337,2500,,,,,,ExperimentResult,Z0_0 * Z0_1→(1+0j)*Z1,-0.068,0.01995769836152337,2500,,,,,
1.2806090535717427,ExperimentResult,Z0_0 * Z0_1→(1+0j)*X0X1,-0.5392,0.016846924691130413,2500,,,,,,ExperimentResult,Z0_0 * Z0_1→(1+0j)*Y0Y1,-0.5352,0.016897887425349242,2500,,,,,,ExperimentResult,Z0_0 * Z0_1→(1+0j)*Z0Z1,-1.0,0.0,2500,,,,,,ExperimentResult,Z0_0 * Z0_1→(1+0j)*Z0,0.8512,0.010498929231402814,2500,,,,,,ExperimentResult,Z0_0 * Z0_1→(1+0j)*Z1,-0.8512,0.010498929231402814,2500,,,,,
-0.4605145857671786,ExperimentResult,Z0_0 * Z0_1→(1+0j)*X0X1,0.7728,0.012695532072892635,2500,,,,,,ExperimentResult,Z0_0 * Z0_1→(1+0j)*Y0Y1,0.7816,0.012478095092715762,2500,,,,,,ExperimentResult,Z0_0 * Z0_1→(1+0j)*Z0Z1,-1.0,0.0,2500,,,,,,ExperimentResult,Z0_0 * Z0_1→(1+0j)*Z0,-0.6208,0.015682516396554606,2500,,,,,,ExperimentResult,Z0_0 * Z0_1→(1+0j)*Z1,0.6208,0.015682516396554606,2500,,,,,
0.19556098847647307,ExperimentResult,Z0_0 * Z0_1→(1+0j)*X0X1,-0.3856,0.0184570127736915,2500,,,,,,ExperimentResult,Z0_0 * Z0_1→(1+0j)*Y0Y1,-0.3792,0.018509997082571318,2500,,,,,,ExperimentResult,Z0_0 * Z0_1→(1+0j)*Z0Z1,-1.0,0.0,2500,,,,,,ExperimentResult,Z0_0 * Z0_1→(1+0j)*Z0,-0.9232,0.007687935076358066,2500,,,,,,ExperimentResult,Z0_0 * Z0_1→(1+0j)*Z1,0.9232,0.007687935076358066,2500,,,,,
1.3689269193353115,ExperimentResult,Z0_0 * Z0_1→(1+0j)*X0X1,-0.4032,0.01830589922343482,2500,,,,,,ExperimentResult,Z0_0 * Z0_1→(1+0j)*Y0Y1,-0.4136,0.018212816879315287,2500,,,,,,ExperimentResult,Z0_0 * Z0_1→(1+0j)*Z0Z1,-1.0,0.0,2500,,,,,,ExperimentResult,Z0_0 * Z0_1→(1+0j)*Z0,0.9264,0.0075323243666310415,2500,,,,,,ExperimentResult,Z0_0 * Z0_1→(1+0j)*Z1,-0.9264,0.0075323243666310415,2500,,,,,
0.1450936366115767,ExperimentResult,Z0_0 * Z0_1→(1+0j)*X0X1,-0.2624,0.01930304481203953,2500,,,,,,ExperimentResult,Z0_0 * Z0_1→(1+0j)*Y0Y1,-0.304,0.01905725246588866,2500,,,,,,ExperimentResult,Z0_0 * Z0_1→(1+0j)*Z0Z1,-1.0,0.0,2500,,,,,,ExperimentResult,Z0_0 * Z0_1→(1+0j)*Z0,-0.9544,0.005971810530183061,2500,,,,,,ExperimentResult,Z0_0 * Z0_1→(1+0j)*Z1,0.9544,0.005971810530183061,2500,,,,,
-0.4226640718685064,ExperimentResult,Z0_0 * Z0_1→(1+0j)*X0X1,0.7448,0.01334842523230636,2500,,,,,,ExperimentResult,Z0_0 * Z0_1→(1+0j)*Y0Y1,0.7608,0.012982324919062906,2500,,,,,,ExperimentResult,Z0_0 * Z0_1→(1+0j)*Z0Z1,-1.0,0.0,2500,,,,,,ExperimentResult,Z0_0 * Z0_1→(1+0j)*Z0,-0.6392,0.015383887987236208,2500,,,,,,ExperimentResult,Z0_0 * Z0_1→(1+0j)*Z1,0.6392,0.015383887987236208,2500,,,,,
-0.09462628474668056,ExperimentResult,Z0_0 * Z0_1→(1+0j)*X0X1,0.1912,0.019634949363178857,2500,,,,,,ExperimentResult,Z0_0 * Z0_1→(1+0j)*Y0Y1,0.1352,0.019820331031768453,2500,,,,,,ExperimentResult,Z0_0 * Z0_1→(1+0j)*Z0Z1,-1.0,0.0,2500,,,,,,ExperimentResult,Z0_0 * Z0_1→(1+0j)*Z0,-0.9752,0.004427394801674208,2500,,,,,,ExperimentResult,Z0_0 * Z0_1→(1+0j)*Z1,0.9752,0.004427394801674208,2500,,,,,
0.11985996067912864,ExperimentResult,Z0_0 * Z0_1→(1+0j)*X0X1,-0.2344,0.01944669446384727,2500,,,,,,ExperimentResult,Z0_0 * Z0_1→(1+0j)*Y0Y1,-0.2512,0.019362576991586167,2500,,,,,,ExperimentResult,Z0_0 * Z0_1→(1+0j)*Z0Z1,-1.0,0.0,2500,,,,,,ExperimentResult,Z0_0 * Z0_1→(1+0j)*Z0,-0.9744,0.004497326581264797,2500,,,,,,ExperimentResult,Z0_0 * Z0_1→(1+0j)*Z1,0.9744,0.004497326581264797,2500,,,,,
0.3721967200036101,ExperimentResult,Z0_0 * Z0_1→(1+0j)*X0X1,-0.6808,0.014652317911104279,2500,,,,,,ExperimentResult,Z0_0 * Z0_1→(1+0j)*Y0Y1,-0.6696,0.014857410038537045,2500,,,,,,ExperimentResult,Z0_0 * Z0_1→(1+0j)*Z0Z1,-1.0,0.0,2500,,,,,,ExperimentResult,Z0_0 * Z0_1→(1+0j)*Z0,-0.7416,0.013419530898053337,2500,,,,,,ExperimentResult,Z0_0 * Z0_1→(1+0j)*Z1,0.7416,0.013419530898053337,2500,,,,,
-0.8768702386525729,ExperimentResult,Z0_0 * Z0_1→(1+0j)*X0X1,0.9824,0.0037365332424948274,2500,,,,,,ExperimentResult,Z0_0 * Z0_1→(1+0j)*Y0Y1,0.9816,0.0038197398032936668,2500,,,,,,ExperimentResult,Z0_0 * Z0_1→(1+0j)*Z0Z1,-1.0,0.0,2500,,,,,,ExperimentResult,Z0_0 * Z0_1→(1+0j)*Z0,0.1888,0.019644240440215576,2500,,,,,,ExperimentResult,Z0_0 * Z0_1→(1+0j)*Z1,-0.1888,0.019644240440215576,2500,,,,,
-0.8137860488214524,ExperimentResult,Z0_0 * Z0_1→(1+0j)*X0X1,0.9968,0.0015990393274426626,2500,,,,,,ExperimentResult,Z0_0 * Z0_1→(1+0j)*Y0Y1,0.9984,0.0011311444625325482,2500,,,,,,ExperimentResult,Z0_0 * Z0_1→(1+0j)*Z0Z1,-1.0,0.0,2500,,,,,,ExperimentResult,Z0_0 * Z0_1→(1+0j)*Z0,0.04,0.019987991593033126,2500,,,,,,ExperimentResult,Z0_0 * Z0_1→(1+0j)*Z1,-0.04,0.019987991593033126,2500,,,,,
0.7002345071254359,ExperimentResult,Z0_0 * Z0_1→(1+0j)*X0X1,-0.9912,0.002647985787630402,2500,,,,,,ExperimentResult,Z0_0 * Z0_1→(1+0j)*Y0Y1,-0.9872,0.0031903817035216437,2500,,,,,,ExperimentResult,Z0_0 * Z0_1→(1+0j)*Z0Z1,-1.0,0.0,2500,,,,,,ExperimentResult,Z0_0 * Z0_1→(1+0j)*Z0,-0.1632,0.01973580768152007,2500,,,,,,ExperimentResult,Z0_0 * Z0_1→(1+0j)*Z1,0.1632,0.01973580768152007,2500,,,,,
-0.2081778264426972,ExperimentResult,Z0_0 * Z0_1→(1+0j)*X0X1,0.3856,0.0184570127736915,2500,,,,,,ExperimentResult,Z0_0 * Z0_1→(1+0j)*Y0Y1,0.3688,0.01859389462073147,2500,,,,,,ExperimentResult,Z0_0 * Z0_1→(1+0j)*Z0Z1,-1.0,0.0,2500,,,,,,ExperimentResult,Z0_0 * Z0_1→(1+0j)*Z0,-0.9176,0.00795169087396529,2500,,,,,,ExperimentResult,Z0_0 * Z0_1→(1+0j)*Z1,0.9176,0.00795169087396529,2500,,,,,
-0.7128513450916599,ExperimentResult,Z0_0 * Z0_1→(1+0j)*X0X1,0.9944,0.002114058584211656,2500,,,,,,ExperimentResult,Z0_0 * Z0_1→(1+0j)*Y0Y1,0.9936,0.0022595703713992454,2500,,,,,,ExperimentResult,Z0_0 * Z0_1→(1+0j)*Z0Z1,-1.0,0.0,2500,,,,,,ExperimentResult,Z0_0 * Z0_1→(1+0j)*Z0,-0.1536,0.019766615887436542,2500,,,,,,ExperimentResult,Z0_0 * Z0_1→(1+0j)*Z1,0.1536,0.019766615887436542,2500,,,,,
0.548832451530747,ExperimentResult,Z0_0 * Z0_1→(1+0j)*X0X1,-0.8936,0.00897907932620146,2500,,,,,,ExperimentResult,Z0_0 * Z0_1→(1+0j)*Y0Y1,-0.8688,0.009905244547603009,2500,,,,,,ExperimentResult,Z0_0 * Z0_1→(1+0j)*Z0Z1,-1.0,0.0,2500,,,,,,ExperimentResult,Z0_0 * Z0_1→(1+0j)*Z0,-0.476,0.017592424430957536,2500,,,,,,ExperimentResult,Z0_0 * Z0_1→(1+0j)*Z1,0.476,0.017592424430957536,2500,,,,,
1.1796743498419504,ExperimentResult,Z0_0 * Z0_1→(1+0j)*X0X1,-0.7048,0.014190959704506739,2500,,,,,,ExperimentResult,Z0_0 * Z0_1→(1+0j)*Y0Y1,-0.7144,0.013997550806174222,2500,,,,,,ExperimentResult,Z0_0 * Z0_1→(1+0j)*Z0Z1,-1.0,0.0,2500,,,,,,ExperimentResult,Z0_0 * Z0_1→(1+0j)*Z0,0.7016,0.01425427127916018,2500,,,,,,ExperimentResult,Z0_0 * Z0_1→(1+0j)*Z1,-0.7016,0.01425427127916018,2500,,,,,
-0.3217293681387139,ExperimentResult,Z0_0 * Z0_1→(1+0j)*X0X1,0.6248,0.015618820794964326,2500,,,,,,ExperimentResult,Z0_0 * Z0_1→(1+0j)*Y0Y1,0.608,0.015881917205351724,2500,,,,,,ExperimentResult,Z0_0 * Z0_1→(1+0j)*Z0Z1,-1.0,0.0,2500,,,,,,ExperimentResult,Z0_0 * Z0_1→(1+0j)*Z0,-0.8096,0.011741988149980665,2500,,,,,,ExperimentResult,Z0_0 * Z0_1→(1+0j)*Z1,0.8096,0.011741988149980665,2500,,,,,
-0.25864517830759337,ExperimentResult,Z0_0 * Z0_1→(1+0j)*X0X1,0.5056,0.017258812318379745,2500,,,,,,ExperimentResult,Z0_0 * Z0_1→(1+0j)*Y0Y1,0.4584,0.017778475909995012,2500,,,,,,ExperimentResult,Z0_0 * Z0_1→(1+0j)*Z0Z1,-1.0,0.0,2500,,,,,,ExperimentResult,Z0_0 * Z0_1→(1+0j)*Z0,-0.864,0.010071850717259133,2500,,,,,,ExperimentResult,Z0_0 * Z0_1→(1+0j)*Z1,0.864,0.010071850717259133,2500,,,,,
1.4824784610313282,ExperimentResult,Z0_0 * Z0_1→(1+0j)*X0X1,-0.1864,0.0196534098468292,2500,,,,,,ExperimentResult,Z0_0 * Z0_1→(1+0j)*Y0Y1,-0.1784,0.019683097971058706,2500,,,,,,ExperimentResult,Z0_0 * Z0_1→(1+0j)*Z0Z1,-1.0,0.0,2500,,,,,,ExperimentResult,Z0_0 * Z0_1→(1+0j)*Z0,0.984,0.003564082079923065,2500,,,,,,ExperimentResult,Z0_0 * Z0_1→(1+0j)*Z1,-0.984,0.003564082079923065,2500,,,,,
-0.8642534006863487,ExperimentResult,Z0_0 * Z0_1→(1+0j)*X0X1,0.9848,0.0034745378059802532,2500,,,,,,ExperimentResult,Z0_0 * Z0_1→(1+0j)*Y0Y1,0.9896,0.002877507257889662,2500,,,,,,ExperimentResult,Z0_0 * Z0_1→(1+0j)*Z0Z1,-1.0,0.0,2500,,,,,,ExperimentResult,Z0_0 * Z0_1→(1+0j)*Z0,0.176,0.01969174207332488,2500,,,,,,ExperimentResult,Z0_0 * Z0_1→(1+0j)*Z1,-0.176,0.01969174207332488,2500,,,,,
-1.1544406739095023,ExperimentResult,Z0_0 * Z0_1→(1+0j)*X0X1,0.7464,0.013312614554718882,2500,,,,,,ExperimentResult,Z0_0 * Z0_1→(1+0j)*Y0Y1,0.7416,0.013419530898053388,2500,,,,,,ExperimentResult,Z0_0 * Z0_1→(1+0j)*Z0Z1,-1.0,0.0,2500,,,,,,ExperimentResult,Z0_0 * Z0_1→(1+0j)*Z0,0.6584,0.015056375851496377,2500,,,,,,ExperimentResult,Z0_0 * Z0_1→(1+0j)*Z1,-0.6584,0.015056375851496377,2500,,,,,
-1.4698616230651038,ExperimentResult,Z0_0 * Z0_1→(1+0j)*X0X1,0.1896,0.019641156941952464,2500,,,,,,ExperimentResult,Z0_0 * Z0_1→(1+0j)*Y0Y1,0.1936,0.019625536442917143,2500,,,,,,ExperimentResult,Z0_0 * Z0_1→(1+0j)*Z0Z1,-1.0,0.0,2500,,,,,,ExperimentResult,Z0_0 * Z0_1→(1+0j)*Z0,0.9736,0.004566131384698502,2500,,,,,,ExperimentResult,Z0_0 * Z0_1→(1+0j)*Z1,-0.9736,0.004566131384698502,2500,,,,,
1.4067774332339835,ExperimentResult,Z0_0 * Z0_1→(1+0j)*X0X1,-0.3216,0.01894130104174636,2500,,,,,,ExperimentResult,Z0_0 * Z0_1→(1+0j)*Y0Y1,-0.3224,0.018935858118635015,2500,,,,,,ExperimentResult,Z0_0 * Z0_1→(1+0j)*Z0Z1,-1.0,0.0,2500,,,,,,ExperimentResult,Z0_0 * Z0_1→(1+0j)*Z0,0.9584,0.00570971245567849,2500,,,,,,ExperimentResult,Z0_0 * Z0_1→(1+0j)*Z1,-0.9584,0.00570971245567849,2500,,,,,
0.3217293681387137,ExperimentResult,Z0_0 * Z0_1→(1+0j)*X0X1,-0.6064,0.01590637674420078,2500,,,,,,ExperimentResult,Z0_0 * Z0_1→(1+0j)*Y0Y1,-0.5928,0.016110216622747586,2500,,,,,,ExperimentResult,Z0_0 * Z0_1→(1+0j)*Z0Z1,-1.0,0.0,2500,,,,,,ExperimentResult,Z0_0 * Z0_1→(1+0j)*Z0,-0.804,0.011894965156671412,2500,,,,,,ExperimentResult,Z0_0 * Z0_1→(1+0j)*Z1,0.804,0.011894965156671412,2500,,,,,
1.45724478509888,ExperimentResult,Z0_0 * Z0_1→(1+0j)*X0X1,-0.2104,0.019556219324954258,2500,,,,,,ExperimentResult,Z0_0 * Z0_1→(1+0j)*Y0Y1,-0.236,0.01943894927972291,2500,,,,,,ExperimentResult,Z0_0 * Z0_1→(1+0j)*Z0Z1,-1.0,0.0,2500,,,,,,ExperimentResult,Z0_0 * Z0_1→(1+0j)*Z0,0.9672,0.005081337618855712,2500,,,,,,ExperimentResult,Z0_0 * Z0_1→(1+0j)*Z1,-0.9672,0.005081337618855712,2500,,,,,
0.4478977478009543,ExperimentResult,Z0_0 * Z0_1→(1+0j)*X0X1,-0.804,0.011894965156671598,2500,,,,,,ExperimentResult,Z0_0 * Z0_1→(1+0j)*Y0Y1,-0.7792,0.012538015183030044,2500,,,,,,ExperimentResult,Z0_0 * Z0_1→(1+0j)*Z0Z1,-1.0,0.0,2500,,,,,,ExperimentResult,Z0_0 * Z0_1→(1+0j)*Z0,-0.6512,0.015181159739770396,2500,,,,,,ExperimentResult,Z0_0 * Z0_1→(1+0j)*Z1,0.6512,0.015181159739770396,2500,,,,,
-0.8264028867876765,ExperimentResult,Z0_0 * Z0_1→(1+0j)*X0X1,0.996,0.001787422152481185,2500,,,,,,ExperimentResult,Z0_0 * Z0_1→(1+0j)*Y0Y1,0.9968,0.0015990393274426626,2500,,,,,,ExperimentResult,Z0_0 * Z0_1→(1+0j)*Z0Z1,-1.0,0.0,2500,,,,,,ExperimentResult,Z0_0 * Z0_1→(1+0j)*Z0,0.0592,0.01996891702268364,2500,,,,,,ExperimentResult,Z0_0 * Z0_1→(1+0j)*Z1,-0.0592,0.01996891702268364,2500,,,,,
0.9399544284836931,ExperimentResult,Z0_0 * Z0_1→(1+0j)*X0X1,-0.9528,0.006073188408651489,2500,,,,,,ExperimentResult,Z0_0 * Z0_1→(1+0j)*Y0Y1,-0.96,0.005601120336112038,2500,,,,,,ExperimentResult,Z0_0 * Z0_1→(1+0j)*Z0Z1,-1.0,0.0,2500,,,,,,ExperimentResult,Z0_0 * Z0_1→(1+0j)*Z0,0.3176,0.018968289706923137,2500,,,,,,ExperimentResult,Z0_0 * Z0_1→(1+0j)*Z1,-0.3176,0.018968289706923137,2500,,,,,
1.5455626508624485,ExperimentResult,Z0_0 * Z0_1→(1+0j)*X0X1,-0.0728,0.01995092177599533,2500,,,,,,ExperimentResult,Z0_0 * Z0_1→(1+0j)*Y0Y1,-0.0448,0.01998391670245621,2500,,,,,,ExperimentResult,Z0_0 * Z0_1→(1+0j)*Z0Z1,-1.0,0.0,2500,,,,,,ExperimentResult,Z0_0 * Z0_1→(1+0j)*Z0,0.9992,0.000800000000000006,2500,,,,,,ExperimentResult,Z0_0 * Z0_1→(1+0j)*Z1,-0.9992,0.000800000000000006,2500,,,,,
-1.2049080257743987,ExperimentResult,Z0_0 * Z0_1→(1+0j)*X0X1,0.6824,0.014622503993817875,2500,,,,,,ExperimentResult,Z0_0 * Z0_1→(1+0j)*Y0Y1,0.6808,0.014652317911104279,2500,,,,,,ExperimentResult,Z0_0 * Z0_1→(1+0j)*Z0Z1,-1.0,0.0,2500,,,,,,ExperimentResult,Z0_0 * Z0_1→(1+0j)*Z0,0.7464,0.013312614554719248,2500,,,,,,ExperimentResult,Z0_0 * Z0_1→(1+0j)*Z1,-0.7464,0.013312614554719248,2500,,,,,
-0.2964956922062656,ExperimentResult,Z0_0 * Z0_1→(1+0j)*X0X1,0.56,0.016573167106717378,2500,,,,,,ExperimentResult,Z0_0 * Z0_1→(1+0j)*Y0Y1,0.5664,0.01648590701332568,2500,,,,,,ExperimentResult,Z0_0 * Z0_1→(1+0j)*Z0Z1,-1.0,0.0,2500,,,,,,ExperimentResult,Z0_0 * Z0_1→(1+0j)*Z0,-0.824,0.011334063013489905,2500,,,,,,ExperimentResult,Z0_0 * Z0_1→(1+0j)*Z1,0.824,0.011334063013489905,2500,,,,,
-0.3343462061049378,ExperimentResult,Z0_0 * Z0_1→(1+0j)*X0X1,0.6096,0.01585735533710823,2500,,,,,,ExperimentResult,Z0_0 * Z0_1→(1+0j)*Y0Y1,0.6392,0.01538388798723657,2500,,,,,,ExperimentResult,Z0_0 * Z0_1→(1+0j)*Z0Z1,-1.0,0.0,2500,,,,,,ExperimentResult,Z0_0 * Z0_1→(1+0j)*Z0,-0.7848,0.012397461950944882,2500,,,,,,ExperimentResult,Z0_0 * Z0_1→(1+0j)*Z1,0.7848,0.012397461950944882,2500,,,,,
1.0535059701797098,ExperimentResult,Z0_0 * Z0_1→(1+0j)*X0X1,-0.8504,0.010524839423856269,2500,,,,,,ExperimentResult,Z0_0 * Z0_1→(1+0j)*Y0Y1,-0.8632,0.010099262450338457,2500,,,,,,ExperimentResult,Z0_0 * Z0_1→(1+0j)*Z0Z1,-1.0,0.0,2500,,,,,,ExperimentResult,Z0_0 * Z0_1→(1+0j)*Z0,0.4936,0.017397260757738387,2500,,,,,,ExperimentResult,Z0_0 * Z0_1→(1+0j)*Z1,-0.4936,0.017397260757738387,2500,,,,,
0.09462628474668056,ExperimentResult,Z0_0 * Z0_1→(1+0j)*X0X1,-0.1936,0.019625536442917143,2500,,,,,,ExperimentResult,Z0_0 * Z0_1→(1+0j)*Y0Y1,-0.1696,0.01971420289837678,2500,,,,,,ExperimentResult,Z0_0 * Z0_1→(1+0j)*Z0Z1,-1.0,0.0,2500,,,,,,ExperimentResult,Z0_0 * Z0_1→(1+0j)*Z0,-0.9792,0.004058760083247742,2500,,,,,,ExperimentResult,Z0_0 * Z0_1→(1+0j)*Z1,0.9792,0.004058760083247742,2500,,,,,
0.7128513450916598,ExperimentResult,Z0_0 * Z0_1→(1+0j)*X0X1,-0.992,0.0025252625171082953,2500,,,,,,ExperimentResult,Z0_0 * Z0_1→(1+0j)*Y0Y1,-0.9888,0.0029855299957867276,2500,,,,,,ExperimentResult,Z0_0 * Z0_1→(1+0j)*Z0Z1,-1.0,0.0,2500,,,,,,ExperimentResult,Z0_0 * Z0_1→(1+0j)*Z0,-0.1272,0.019841510482200907,2500,,,,,,ExperimentResult,Z0_0 * Z0_1→(1+0j)*Z1,0.1272,0.019841510482200907,2500,,,,,
-1.4067774332339835,ExperimentResult,Z0_0 * Z0_1→(1+0j)*X0X1,0.272,0.01924979537160693,2500,,,,,,ExperimentResult,Z0_0 * Z0_1→(1+0j)*Y0Y1,0.3352,0.018846709616942535,2500,,,,,,ExperimentResult,Z0_0 * Z0_1→(1+0j)*Z0Z1,-1.0,0.0,2500,,,,,,ExperimentResult,Z0_0 * Z0_1→(1+0j)*Z0,0.9456,0.006507933410762024,2500,,,,,,ExperimentResult,Z0_0 * Z0_1→(1+0j)*Z1,-0.9456,0.006507933410762024,2500,,,,,
-0.9525712664499172,ExperimentResult,Z0_0 * Z0_1→(1+0j)*X0X1,0.94,0.006824853951007379,2500,,,,,,ExperimentResult,Z0_0 * Z0_1→(1+0j)*Y0Y1,0.9368,0.0069987067918797306,2500,,,,,,ExperimentResult,Z0_0 * Z0_1→(1+0j)*Z0Z1,-1.0,0.0,2500,,,,,,ExperimentResult,Z0_0 * Z0_1→(1+0j)*Z0,0.3408,0.018806478071318408,2500,,,,,,ExperimentResult,Z0_0 * Z0_1→(1+0j)*Z1,-0.3408,0.018806478071318408,2500,,,,,
0.5109819376320748,ExperimentResult,Z0_0 * Z0_1→(1+0j)*X0X1,-0.8568,0.010315040670089974,2500,,,,,,ExperimentResult,Z0_0 * Z0_1→(1+0j)*Y0Y1,-0.848,0.010602045149146358,2500,,,,,,ExperimentResult,Z0_0 * Z0_1→(1+0j)*Z0Z1,-1.0,0.0,2500,,,,,,ExperimentResult,Z0_0 * Z0_1→(1+0j)*Z0,-0.5192,0.017096475068970142,2500,,,,,,ExperimentResult,Z0_0 * Z0_1→(1+0j)*Z1,0.5192,0.017096475068970142,2500,,,,,
-0.018925256949336108,ExperimentResult,Z0_0 * Z0_1→(1+0j)*X0X1,0.068,0.01995769836152345,2500,,,,,,ExperimentResult,Z0_0 * Z0_1→(1+0j)*Y0Y1,0.0504,0.019978578363771905,2500,,,,,,ExperimentResult,Z0_0 * Z0_1→(1+0j)*Z0Z1,-1.0,0.0,2500,,,,,,ExperimentResult,Z0_0 * Z0_1→(1+0j)*Z0,-0.9984,0.0011311444625325565,2500,,,,,,ExperimentResult,Z0_0 * Z0_1→(1+0j)*Z1,0.9984,0.0011311444625325565,2500,,,,,
0.750701858990332,ExperimentResult,Z0_0 * Z0_1→(1+0j)*X0X1,-0.9992,0.0008000000000000001,2500,,,,,,ExperimentResult,Z0_0 * Z0_1→(1+0j)*Y0Y1,-0.9984,0.0011311444625325482,2500,,,,,,ExperimentResult,Z0_0 * Z0_1→(1+0j)*Z0Z1,-1.0,0.0,2500,,,,,,ExperimentResult,Z0_0 * Z0_1→(1+0j)*Z0,-0.0656,0.01996091258466115,2500,,,,,,ExperimentResult,Z0_0 * Z0_1→(1+0j)*Z1,0.0656,0.01996091258466115,2500,,,,,
-0.1072431227129047,ExperimentResult,Z0_0 * Z0_1→(1+0j)*X0X1,0.2104,0.019556219324954258,2500,,,,,,ExperimentResult,Z0_0 * Z0_1→(1+0j)*Y0Y1,0.208,0.019566490206871703,2500,,,,,,ExperimentResult,Z0_0 * Z0_1→(1+0j)*Z0Z1,-1.0,0.0,2500,,,,,,ExperimentResult,Z0_0 * Z0_1→(1+0j)*Z0,-0.98,0.003980745977252742,2500,,,,,,ExperimentResult,Z0_0 * Z0_1→(1+0j)*Z1,0.98,0.003980745977252742,2500,,,,,
-0.346963044071162,ExperimentResult,Z0_0 * Z0_1→(1+0j)*X0X1,0.6648,0.01494341682087845,2500,,,,,,ExperimentResult,Z0_0 * Z0_1→(1+0j)*Y0Y1,0.6544,0.015125996638559848,2500,,,,,,ExperimentResult,Z0_0 * Z0_1→(1+0j)*Z0Z1,-1.0,0.0,2500,,,,,,ExperimentResult,Z0_0 * Z0_1→(1+0j)*Z0,-0.7824,0.012458016570495526,2500,,,,,,ExperimentResult,Z0_0 * Z0_1→(1+0j)*Z1,0.7824,0.012458016570495526,2500,,,,,
1.0282722942472615,ExperimentResult,Z0_0 * Z0_1→(1+0j)*X0X1,-0.896,0.008882857764527468,2500,,,,,,ExperimentResult,Z0_0 * Z0_1→(1+0j)*Y0Y1,-0.8904,0.00910539945964634,2500,,,,,,ExperimentResult,Z0_0 * Z0_1→(1+0j)*Z0Z1,-1.0,0.0,2500,,,,,,ExperimentResult,Z0_0 * Z0_1→(1+0j)*Z0,0.4456,0.017908225423394698,2500,,,,,,ExperimentResult,Z0_0 * Z0_1→(1+0j)*Z1,-0.4456,0.017908225423394698,2500,,,,,
0.4857482616996265,ExperimentResult,Z0_0 * Z0_1→(1+0j)*X0X1,-0.832,0.011097732374928953,2500,,,,,,ExperimentResult,Z0_0 * Z0_1→(1+0j)*Y0Y1,-0.8136,0.011630826559216685,2500,,,,,,ExperimentResult,Z0_0 * Z0_1→(1+0j)*Z0Z1,-1.0,0.0,2500,,,,,,ExperimentResult,Z0_0 * Z0_1→(1+0j)*Z0,-0.5544,0.016648336939440404,2500,,,,,,ExperimentResult,Z0_0 * Z0_1→(1+0j)*Z1,0.5544,0.016648336939440404,2500,,,,,
-1.0282722942472615,ExperimentResult,Z0_0 * Z0_1→(1+0j)*X0X1,0.8944,0.008947149076137955,2500,,,,,,ExperimentResult,Z0_0 * Z0_1→(1+0j)*Y0Y1,0.8728,0.009763513428975818,2500,,,,,,ExperimentResult,Z0_0 * Z0_1→(1+0j)*Z0Z1,-1.0,0.0,2500,,,,,,ExperimentResult,Z0_0 * Z0_1→(1+0j)*Z0,0.4392,0.017971380921144708,2500,,,,,,ExperimentResult,Z0_0 * Z0_1→(1+0j)*Z1,-0.4392,0.017971380921144708,2500,,,,,
-0.7002345071254359,ExperimentResult,Z0_0 * Z0_1→(1+0j)*X0X1,0.9816,0.0038197398032936668,2500,,,,,,ExperimentResult,Z0_0 * Z0_1→(1+0j)*Y0Y1,0.9864,0.003287908170258777,2500,,,,,,ExperimentResult,Z0_0 * Z0_1→(1+0j)*Z0Z1,-1.0,0.0,2500,,,,,,ExperimentResult,Z0_0 * Z0_1→(1+0j)*Z0,-0.1712,0.019708668058461894,2500,,,,,,ExperimentResult,Z0_0 * Z0_1→(1+0j)*Z1,0.1712,0.019708668058461894,2500,,,,,
0.018925256949336108,ExperimentResult,Z0_0 * Z0_1→(1+0j)*X0X1,-0.0688,0.019956601172848767,2500,,,,,,ExperimentResult,Z0_0 * Z0_1→(1+0j)*Y0Y1,-0.0464,0.01998245569028406,2500,,,,,,ExperimentResult,Z0_0 * Z0_1→(1+0j)*Z0Z1,-1.0,0.0,2500,,,,,,ExperimentResult,Z0_0 * Z0_1→(1+0j)*Z0,-0.9992,0.0008000000000000149,2500,,,,,,ExperimentResult,Z0_0 * Z0_1→(1+0j)*Z1,0.9992,0.0008000000000000149,2500,,,,,
-1.1922911878081746,ExperimentResult,Z0_0 * Z0_1→(1+0j)*X0X1,0.6728,0.01479944841774138,2500,,,,,,ExperimentResult,Z0_0 * Z0_1→(1+0j)*Y0Y1,0.684,0.014592558963761097,2500,,,,,,ExperimentResult,Z0_0 * Z0_1→(1+0j)*Z0Z1,-1.0,0.0,2500,,,,,,ExperimentResult,Z0_0 * Z0_1→(1+0j)*Z0,0.7216,0.013848974461578572,2500,,,,,,ExperimentResult,Z0_0 * Z0_1→(1+0j)*Z1,-0.7216,0.013848974461578572,2500,,,,,
1.5077121369637758,ExperimentResult,Z0_0 * Z0_1→(1+0j)*X0X1,-0.1544,0.019764121640024397,2500,,,,,,ExperimentResult,Z0_0 * Z0_1→(1+0j)*Y0Y1,-0.136,0.019818140767523897,2500,,,,,,ExperimentResult,Z0_0 * Z0_1→(1+0j)*Z0Z1,-1.0,0.0,2500,,,,,,ExperimentResult,Z0_0 * Z0_1→(1+0j)*Z0,0.9936,0.002259570371399229,2500,,,,,,ExperimentResult,Z0_0 * Z0_1→(1+0j)*Z1,-0.9936,0.002259570371399229,2500,,,,,
-0.6750008311929877,ExperimentResult,Z0_0 * Z0_1→(1+0j)*X0X1,0.9728,0.004633859413191609,2500,,,,,,ExperimentResult,Z0_0 * Z0_1→(1+0j)*Y0Y1,0.98,0.003980745977252777,2500,,,,,,ExperimentResult,Z0_0 * Z0_1→(1+0j)*Z0Z1,-1.0,0.0,2500,,,,,,ExperimentResult,Z0_0 * Z0_1→(1+0j)*Z0,-0.2128,0.019545825122309388,2500,,,,,,ExperimentResult,Z0_0 * Z0_1→(1+0j)*Z1,0.2128,0.019545825122309388,2500,,,,,
0.9778049423823654,ExperimentResult,Z0_0 * Z0_1→(1+0j)*X0X1,-0.9104,0.008276239149141445,2500,,,,,,ExperimentResult,Z0_0 * Z0_1→(1+0j)*Y0Y1,-0.9296,0.00737287458945863,2500,,,,,,ExperimentResult,Z0_0 * Z0_1→(1+0j)*Z0Z1,-1.0,0.0,2500,,,,,,ExperimentResult,Z0_0 * Z0_1→(1+0j)*Z0,0.392,0.018402985299868734,2500,,,,,,ExperimentResult,Z0_0 * Z0_1→(1+0j)*Z1,-0.392,0.018402985299868734,2500,,,,,
1.5329458128962243,ExperimentResult,Z0_0 * Z0_1→(1+0j)*X0X1,-0.0744,0.019948559697722676,2500,,,,,,ExperimentResult,Z0_0 * Z0_1→(1+0j)*Y0Y1,-0.0872,0.01992780246099328,2500,,,,,,ExperimentResult,Z0_0 * Z0_1→(1+0j)*Z0Z1,-1.0,0.0,2500,,,,,,ExperimentResult,Z0_0 * Z0_1→(1+0j)*Z0,0.9992,0.0008000000000000151,2500,,,,,,ExperimentResult,Z0_0 * Z0_1→(1+0j)*Z1,-0.9992,0.0008000000000000151,2500,,,,,
0.006308418983111963,ExperimentResult,Z0_0 * Z0_1→(1+0j)*X0X1,-0.0064,0.02000359151426033,2500,,,,,,ExperimentResult,Z0_0 * Z0_1→(1+0j)*Y0Y1,-0.0312,0.019994262482344406,2500,,,,,,ExperimentResult,Z0_0 * Z0_1→(1+0j)*Z0Z1,-1.0,0.0,2500,,,,,,ExperimentResult,Z0_0 * Z0_1→(1+0j)*Z0,-1.0,0.0,2500,,,,,,ExperimentResult,Z0_0 * Z0_1→(1+0j)*Z1,1.0,0.0,2500,,,,,
0.15771047457780085,ExperimentResult,Z0_0 * Z0_1→(1+0j)*X0X1,-0.3208,0.018946728884273553,2500,,,,,,ExperimentResult,Z0_0 * Z0_1→(1+0j)*Y0Y1,-0.2896,0.019146784997756152,2500,,,,,,ExperimentResult,Z0_0 * Z0_1→(1+0j)*Z0Z1,-1.0,0.0,2500,,,,,,ExperimentResult,Z0_0 * Z0_1→(1+0j)*Z0,-0.9568,0.005816101341442132,2500,,,,,,ExperimentResult,Z0_0 * Z0_1→(1+0j)*Z1,0.9568,0.005816101341442132,2500,,,,,
-0.9273375905174692,ExperimentResult,Z0_0 * Z0_1→(1+0j)*X0X1,0.9544,0.0059718105301829,2500,,,,,,ExperimentResult,Z0_0 * Z0_1→(1+0j)*Y0Y1,0.9672,0.00508133761885576,2500,,,,,,ExperimentResult,Z0_0 * Z0_1→(1+0j)*Z0Z1,-1.0,0.0,2500,,,,,,ExperimentResult,Z0_0 * Z0_1→(1+0j)*Z0,0.2656,0.019285523808583192,2500,,,,,,ExperimentResult,Z0_0 * Z0_1→(1+0j)*Z1,-0.2656,0.019285523808583192,2500,,,,,
-1.0156554562810376,ExperimentResult,Z0_0 * Z0_1→(1+0j)*X0X1,0.912,0.008205445248899847,2500,,,,,,ExperimentResult,Z0_0 * Z0_1→(1+0j)*Y0Y1,0.8848,0.009321284167721428,2500,,,,,,ExperimentResult,Z0_0 * Z0_1→(1+0j)*Z0Z1,-1.0,0.0,2500,,,,,,ExperimentResult,Z0_0 * Z0_1→(1+0j)*Z0,0.4392,0.017971380921144708,2500,,,,,,ExperimentResult,Z0_0 * Z0_1→(1+0j)*Z1,-0.4392,0.017971380921144708,2500,,,,,
0.8390197247539004,ExperimentResult,Z0_0 * Z0_1→(1+0j)*X0X1,-0.996,0.001787422152481185,2500,,,,,,ExperimentResult,Z0_0 * Z0_1→(1+0j)*Y0Y1,-0.9952,0.001957630436719532,2500,,,,,,ExperimentResult,Z0_0 * Z0_1→(1+0j)*Z0Z1,-1.0,0.0,2500,,,,,,ExperimentResult,Z0_0 * Z0_1→(1+0j)*Z0,0.0936,0.0199161813034299,2500,,,,,,ExperimentResult,Z0_0 * Z0_1→(1+0j)*Z1,-0.0936,0.0199161813034299,2500,,,,,
0.3595798820373859,ExperimentResult,Z0_0 * Z0_1→(1+0j)*X0X1,-0.684,0.014592558963761097,2500,,,,,,ExperimentResult,Z0_0 * Z0_1→(1+0j)*Y0Y1,-0.6568,0.015084313660470038,2500,,,,,,ExperimentResult,Z0_0 * Z0_1→(1+0j)*Z0Z1,-1.0,0.0,2500,,,,,,ExperimentResult,Z0_0 * Z0_1→(1+0j)*Z0,-0.7544,0.013130926261684437,2500,,,,,,ExperimentResult,Z0_0 * Z0_1→(1+0j)*Z1,0.7544,0.013130926261684437,2500,,,,,
-1.495095298997552,ExperimentResult,Z0_0 * Z0_1→(1+0j)*X0X1,0.1392,0.019809248004975074,2500,,,,,,ExperimentResult,Z0_0 * Z0_1→(1+0j)*Y0Y1,0.1112,0.019879937343047775,2500,,,,,,ExperimentResult,Z0_0 * Z0_1→(1+0j)*Z0Z1,-1.0,0.0,2500,,,,,,ExperimentResult,Z0_0 * Z0_1→(1+0j)*Z0,0.988,0.0030896955331221098,2500,,,,,,ExperimentResult,Z0_0 * Z0_1→(1+0j)*Z1,-0.988,0.0030896955331221098,2500,,,,,
-0.3974303959360581,ExperimentResult,Z0_0 * Z0_1→(1+0j)*X0X1,0.7072,0.01414309990454582,2500,,,,,,ExperimentResult,Z0_0 * Z0_1→(1+0j)*Y0Y1,0.7096,0.01409491407001321,2500,,,,,,ExperimentResult,Z0_0 * Z0_1→(1+0j)*Z0Z1,-1.0,0.0,2500,,,,,,ExperimentResult,Z0_0 * Z0_1→(1+0j)*Z0,-0.692,0.014440838449551463,2500,,,,,,ExperimentResult,Z0_0 * Z0_1→(1+0j)*Z1,0.692,0.014440838449551463,2500,,,,,
-1.5581794888286724,ExperimentResult,Z0_0 * Z0_1→(1+0j)*X0X1,0.0408,0.019987344535396155,2500,,,,,,ExperimentResult,Z0_0 * Z0_1→(1+0j)*Y0Y1,0.0176,0.02000090274073092,2500,,,,,,ExperimentResult,Z0_0 * Z0_1→(1+0j)*Z0Z1,-1.0,0.0,2500,,,,,,ExperimentResult,Z0_0 * Z0_1→(1+0j)*Z0,1.0,0.0,2500,,,,,,ExperimentResult,Z0_0 * Z0_1→(1+0j)*Z1,-1.0,0.0,2500,,,,,
-0.7885523728890044,ExperimentResult,Z0_0 * Z0_1→(1+0j)*X0X1,1.0,0.0,2500,,,,,,ExperimentResult,Z0_0 * Z0_1→(1+0j)*Y0Y1,1.0,0.0,2500,,,,,,ExperimentResult,Z0_0 * Z0_1→(1+0j)*Z0Z1,-1.0,0.0,2500,,,,,,ExperimentResult,Z0_0 * Z0_1→(1+0j)*Z0,0.0144,0.02000192707802731,2500,,,,,,ExperimentResult,Z0_0 * Z0_1→(1+0j)*Z1,-0.0144,0.02000192707802731,2500,,,,,
-1.3310764054366393,ExperimentResult,Z0_0 * Z0_1→(1+0j)*X0X1,0.432,0.01804108068373108,2500,,,,,,ExperimentResult,Z0_0 * Z0_1→(1+0j)*Y0Y1,0.4408,0.017955698450428964,2500,,,,,,ExperimentResult,Z0_0 * Z0_1→(1+0j)*Z0Z1,-1.0,0.0,2500,,,,,,ExperimentResult,Z0_0 * Z0_1→(1+0j)*Z0,0.8864,0.009260254690167627,2500,,,,,,ExperimentResult,Z0_0 * Z0_1→(1+0j)*Z1,-0.8864,0.009260254690167627,2500,,,,,
0.4352809098347303,ExperimentResult,Z0_0 * Z0_1→(1+0j)*X0X1,-0.7664,0.01284984293232233,2500,,,,,,ExperimentResult,Z0_0 * Z0_1→(1+0j)*Y0Y1,-0.7752,0.012636845331963891,2500,,,,,,ExperimentResult,Z0_0 * Z0_1→(1+0j)*Z0Z1,-1.0,0.0,2500,,,,,,ExperimentResult,Z0_0 * Z0_1→(1+0j)*Z0,-0.66,0.015028317941009072,2500,,,,,,ExperimentResult,Z0_0 * Z0_1→(1+0j)*Z1,0.66,0.015028317941009072,2500,,,,,
-1.5329458128962243,ExperimentResult,Z0_0 * Z0_1→(1+0j)*X0X1,0.0584,0.019969859641911534,2500,,,,,,ExperimentResult,Z0_0 * Z0_1→(1+0j)*Y0Y1,0.056,0.019972610296724508,2500,,,,,,ExperimentResult,Z0_0 * Z0_1→(1+0j)*Z0Z1,-1.0,0.0,2500,,,,,,ExperimentResult,Z0_0 * Z0_1→(1+0j)*Z0,1.0,0.0,2500,,,,,,ExperimentResult,Z0_0 * Z0_1→(1+0j)*Z1,-1.0,0.0,2500,,,,,
-1.3436932434028632,ExperimentResult,Z0_0 * Z0_1→(1+0j)*X0X1,0.4216,0.01813926650103797,2500,,,,,,ExperimentResult,Z0_0 * Z0_1→(1+0j)*Y0Y1,0.4296,0.01806399898205515,2500,,,,,,ExperimentResult,Z0_0 * Z0_1→(1+0j)*Z0Z1,-1.0,0.0,2500,,,,,,ExperimentResult,Z0_0 * Z0_1→(1+0j)*Z0,0.8984,0.008785320070407198,2500,,,,,,ExperimentResult,Z0_0 * Z0_1→(1+0j)*Z1,-0.8984,0.008785320070407198,2500,,,,,
-1.0661228081459335,ExperimentResult,Z0_0 * Z0_1→(1+0j)*X0X1,0.8624,0.010126574692659034,2500,,,,,,ExperimentResult,Z0_0 * Z0_1→(1+0j)*Y0Y1,0.848,0.010602045149146358,2500,,,,,,ExperimentResult,Z0_0 * Z0_1→(1+0j)*Z0Z1,-1.0,0.0,2500,,,,,,ExperimentResult,Z0_0 * Z0_1→(1+0j)*Z0,0.4992,0.017333202819098198,2500,,,,,,ExperimentResult,Z0_0 * Z0_1→(1+0j)*Z1,-0.4992,0.017333202819098198,2500,,,,,
-0.4857482616996267,ExperimentResult,Z0_0 * Z0_1→(1+0j)*X0X1,0.8272,0.011240400466222562,2500,,,,,,ExperimentResult,Z0_0 * Z0_1→(1+0j)*Y0Y1,0.8424,0.01077921020061394,2500,,,,,,ExperimentResult,Z0_0 * Z0_1→(1+0j)*Z0Z1,-1.0,0.0,2500,,,,,,ExperimentResult,Z0_0 * Z0_1→(1+0j)*Z0,-0.5512,0.01669080157280865,2500,,,,,,ExperimentResult,Z0_0 * Z0_1→(1+0j)*Z1,0.5512,0.01669080157280865,2500,,,,,
1.444627947132656,ExperimentResult,Z0_0 * Z0_1→(1+0j)*X0X1,-0.2208,0.019510284582286153,2500,,,,,,ExperimentResult,Z0_0 * Z0_1→(1+0j)*Y0Y1,-0.2664,0.019281107863610415,2500,,,,,,ExperimentResult,Z0_0 * Z0_1→(1+0j)*Z0Z1,-1.0,0.0,2500,,,,,,ExperimentResult,Z0_0 * Z0_1→(1+0j)*Z0,0.9736,0.004566131384698511,2500,,,,,,ExperimentResult,Z0_0 * Z0_1→(1+0j)*Z1,-0.9736,0.004566131384698511,2500,,,,,
-0.24602834034136944,ExperimentResult,Z0_0 * Z0_1→(1+0j)*X0X1,0.476,0.01759242443095731,2500,,,,,,ExperimentResult,Z0_0 * Z0_1→(1+0j)*Y0Y1,0.4784,0.01756635439477096,2500,,,,,,ExperimentResult,Z0_0 * Z0_1→(1+0j)*Z0Z1,-1.0,0.0,2500,,,,,,ExperimentResult,Z0_0 * Z0_1→(1+0j)*Z0,-0.892,0.009042516621092584,2500,,,,,,ExperimentResult,Z0_0 * Z0_1→(1+0j)*Z1,0.892,0.009042516621092584,2500,,,,,
-0.9021039145850208,ExperimentResult,Z0_0 * Z0_1→(1+0j)*X0X1,0.9704,0.0048310321411287925,2500,,,,,,ExperimentResult,Z0_0 * Z0_1→(1+0j)*Y0Y1,0.976,0.004356281771918633,2500,,,,,,ExperimentResult,Z0_0 * Z0_1→(1+0j)*Z0Z1,-1.0,0.0,2500,,,,,,ExperimentResult,Z0_0 * Z0_1→(1+0j)*Z0,0.2344,0.019446694463847412,2500,,,,,,ExperimentResult,Z0_0 * Z0_1→(1+0j)*Z1,-0.2344,0.019446694463847412,2500,,,,,
-0.914720752551245,ExperimentResult,Z0_0 * Z0_1→(1+0j)*X0X1,0.9592,0.005655699671615369,2500,,,,,,ExperimentResult,Z0_0 * Z0_1→(1+0j)*Y0Y1,0.9624,0.005433811417652351,2500,,,,,,ExperimentResult,Z0_0 * Z0_1→(1+0j)*Z0Z1,-1.0,0.0,2500,,,,,,ExperimentResult,Z0_0 * Z0_1→(1+0j)*Z0,0.272,0.01924979537160677,2500,,,,,,ExperimentResult,Z0_0 * Z0_1→(1+0j)*Z1,-0.272,0.01924979537160677,2500,,,,,
1.5707963267948966,ExperimentResult,Z0_0 * Z0_1→(1+0j)*X0X1,0.0104,0.020002919354761325,2500,,,,,,ExperimentResult,Z0_0 * Z0_1→(1+0j)*Y0Y1,-0.0096,0.020003079394785933,2500,,,,,,ExperimentResult,Z0_0 * Z0_1→(1+0j)*Z0Z1,-1.0,0.0,2500,,,,,,ExperimentResult,Z0_0 * Z0_1→(1+0j)*Z0,1.0,0.0,2500,,,,,,ExperimentResult,Z0_0 * Z0_1→(1+0j)*Z1,-1.0,0.0,2500,,,,,
-0.2712620162738175,ExperimentResult,Z0_0 * Z0_1→(1+0j)*X0X1,0.5168,0.017125548685140185,2500,,,,,,ExperimentResult,Z0_0 * Z0_1→(1+0j)*Y0Y1,0.5,0.017323973216880926,2500,,,,,,ExperimentResult,Z0_0 * Z0_1→(1+0j)*Z0Z1,-1.0,0.0,2500,,,,,,ExperimentResult,Z0_0 * Z0_1→(1+0j)*Z0,-0.8528,0.010446842518552733,2500,,,,,,ExperimentResult,Z0_0 * Z0_1→(1+0j)*Z1,0.8528,0.010446842518552733,2500,,,,,
0.7759355349227803,ExperimentResult,Z0_0 * Z0_1→(1+0j)*X0X1,-1.0,0.0,2500,,,,,,ExperimentResult,Z0_0 * Z0_1→(1+0j)*Y0Y1,-1.0,0.0,2500,,,,,,ExperimentResult,Z0_0 * Z0_1→(1+0j)*Z0Z1,-1.0,0.0,2500,,,,,,ExperimentResult,Z0_0 * Z0_1→(1+0j)*Z0,-0.0072,0.020003482689969206,2500,,,,,,ExperimentResult,Z0_0 * Z0_1→(1+0j)*Z1,0.0072,0.020003482689969206,2500,,,,,
0.8264028867876765,ExperimentResult,Z0_0 * Z0_1→(1+0j)*X0X1,-0.996,0.001787422152481185,2500,,,,,,ExperimentResult,Z0_0 * Z0_1→(1+0j)*Y0Y1,-0.9936,0.0022595703713992454,2500,,,,,,ExperimentResult,Z0_0 * Z0_1→(1+0j)*Z0Z1,-1.0,0.0,2500,,,,,,ExperimentResult,Z0_0 * Z0_1→(1+0j)*Z0,0.0792,0.019941163556863956,2500,,,,,,ExperimentResult,Z0_0 * Z0_1→(1+0j)*Z1,-0.0792,0.019941163556863956,2500,,,,,
-1.0535059701797098,ExperimentResult,Z0_0 * Z0_1→(1+0j)*X0X1,0.8688,0.009905244547603007,2500,,,,,,ExperimentResult,Z0_0 * Z0_1→(1+0j)*Y0Y1,0.8656,0.010016725508666313,2500,,,,,,ExperimentResult,Z0_0 * Z0_1→(1+0j)*Z0Z1,-1.0,0.0,2500,,,,,,ExperimentResult,Z0_0 * Z0_1→(1+0j)*Z0,0.5096,0.017211671407886733,2500,,,,,,ExperimentResult,Z0_0 * Z0_1→(1+0j)*Z1,-0.5096,0.017211671407886733,2500,,,,,
-1.45724478509888,ExperimentResult,Z0_0 * Z0_1→(1+0j)*X0X1,0.2176,0.019524665964682032,2500,,,,,,ExperimentResult,Z0_0 * Z0_1→(1+0j)*Y0Y1,0.2416,0.019411401211628168,2500,,,,,,ExperimentResult,Z0_0 * Z0_1→(1+0j)*Z0Z1,-1.0,0.0,2500,,,,,,ExperimentResult,Z0_0 * Z0_1→(1+0j)*Z0,0.9688,0.004957868108620116,2500,,,,,,ExperimentResult,Z0_0 * Z0_1→(1+0j)*Z1,-0.9688,0.004957868108620116,2500,,,,,
-0.22079466440892115,ExperimentResult,Z0_0 * Z0_1→(1+0j)*X0X1,0.4616,0.0177453130277767,2500,,,,,,ExperimentResult,Z0_0 * Z0_1→(1+0j)*Y0Y1,0.4328,0.018033406375341274,2500,,,,,,ExperimentResult,Z0_0 * Z0_1→(1+0j)*Z0Z1,-1.0,0.0,2500,,,,,,ExperimentResult,Z0_0 * Z0_1→(1+0j)*Z0,-0.9272,0.007492831307883925,2500,,,,,,ExperimentResult,Z0_0 * Z0_1→(1+0j)*Z1,0.9272,0.007492831307883925,2500,,,,,
0.10724312271290448,ExperimentResult,Z0_0 * Z0_1→(1+0j)*X0X1,-0.224,0.019495682410550833,2500,,,,,,ExperimentResult,Z0_0 * Z0_1→(1+0j)*Y0Y1,-0.1792,0.019680189733515752,2500,,,,,,ExperimentResult,Z0_0 * Z0_1→(1+0j)*Z0Z1,-1.0,0.0,2500,,,,,,ExperimentResult,Z0_0 * Z0_1→(1+0j)*Z0,-0.9808,0.0039011064395350252,2500,,,,,,ExperimentResult,Z0_0 * Z0_1→(1+0j)*Z1,0.9808,0.0039011064395350252,2500,,,,,
-0.8894870766187969,ExperimentResult,Z0_0 * Z0_1→(1+0j)*X0X1,0.9808,0.003901106439534947,2500,,,,,,ExperimentResult,Z0_0 * Z0_1→(1+0j)*Y0Y1,0.9768,0.004283928666297697,2500,,,,,,ExperimentResult,Z0_0 * Z0_1→(1+0j)*Z0Z1,-1.0,0.0,2500,,,,,,ExperimentResult,Z0_0 * Z0_1→(1+0j)*Z0,0.2016,0.019593277791473317,2500,,,,,,ExperimentResult,Z0_0 * Z0_1→(1+0j)*Z1,-0.2016,0.019593277791473317,2500,,,,,
-0.13247679864535278,ExperimentResult,Z0_0 * Z0_1→(1+0j)*X0X1,0.2552,0.019341634458582134,2500,,,,,,ExperimentResult,Z0_0 * Z0_1→(1+0j)*Y0Y1,0.2752,0.01923158666283747,2500,,,,,,ExperimentResult,Z0_0 * Z0_1→(1+0j)*Z0Z1,-1.0,0.0,2500,,,,,,ExperimentResult,Z0_0 * Z0_1→(1+0j)*Z0,-0.9632,0.005376789743627747,2500,,,,,,ExperimentResult,Z0_0 * Z0_1→(1+0j)*Z1,0.9632,0.005376789743627747,2500,,,,,
0.3343462061049378,ExperimentResult,Z0_0 * Z0_1→(1+0j)*X0X1,-0.636,0.015436868813574436,2500,,,,,,ExperimentResult,Z0_0 * Z0_1→(1+0j)*Y0Y1,-0.6152,0.01577057603346723,2500,,,,,,ExperimentResult,Z0_0 * Z0_1→(1+0j)*Z0Z1,-1.0,0.0,2500,,,,,,ExperimentResult,Z0_0 * Z0_1→(1+0j)*Z0,-0.7952,0.012129370661870958,2500,,,,,,ExperimentResult,Z0_0 * Z0_1→(1+0j)*Z1,0.7952,0.012129370661870958,2500,,,,,
1.2049080257743985,ExperimentResult,Z0_0 * Z0_1→(1+0j)*X0X1,-0.6536,0.015139831630527477,2500,,,,,,ExperimentResult,Z0_0 * Z0_1→(1+0j)*Y0Y1,-0.6624,0.014986004408489025,2500,,,,,,ExperimentResult,Z0_0 * Z0_1→(1+0j)*Z0Z1,-1.0,0.0,2500,,,,,,ExperimentResult,Z0_0 * Z0_1→(1+0j)*Z0,0.7456,0.013330541524444572,2500,,,,,,ExperimentResult,Z0_0 * Z0_1→(1+0j)*Z1,-0.7456,0.013330541524444572,2500,,,,,
0.8011692108552282,ExperimentResult,Z0_0 * Z0_1→(1+0j)*X0X1,-0.9992,0.0008000000000000001,2500,,,,,,ExperimentResult,Z0_0 * Z0_1→(1+0j)*Y0Y1,-1.0,0.0,2500,,,,,,ExperimentResult,Z0_0 * Z0_1→(1+0j)*Z0Z1,-1.0,0.0,2500,,,,,,ExperimentResult,Z0_0 * Z0_1→(1+0j)*Z0,-0.0176,0.020000902740730554,2500,,,,,,ExperimentResult,Z0_0 * Z0_1→(1+0j)*Z1,0.0176,0.020000902740730554,2500,,,,,
1.4698616230651038,ExperimentResult,Z0_0 * Z0_1→(1+0j)*X0X1,-0.1952,0.01961919338555079,2500,,,,,,ExperimentResult,Z0_0 * Z0_1→(1+0j)*Y0Y1,-0.192,0.019631825269835968,2500,,,,,,ExperimentResult,Z0_0 * Z0_1→(1+0j)*Z0Z1,-1.0,0.0,2500,,,,,,ExperimentResult,Z0_0 * Z0_1→(1+0j)*Z0,0.9896,0.002877507257889752,2500,,,,,,ExperimentResult,Z0_0 * Z0_1→(1+0j)*Z1,-0.9896,0.002877507257889752,2500,,,,,
0.4100472339022823,ExperimentResult,Z0_0 * Z0_1→(1+0j)*X0X1,-0.7128,0.014030153316369441,2500,,,,,,ExperimentResult,Z0_0 * Z0_1→(1+0j)*Y0Y1,-0.7376,0.013507460034759913,2500,,,,,,ExperimentResult,Z0_0 * Z0_1→(1+0j)*Z0Z1,-1.0,0.0,2500,,,,,,ExperimentResult,Z0_0 * Z0_1→(1+0j)*Z0,-0.6664,0.014914871684293406,2500,,,,,,ExperimentResult,Z0_0 * Z0_1→(1+0j)*Z1,0.6664,0.014914871684293406,2500,,,,,
-1.5707963267948966,ExperimentResult,Z0_0 * Z0_1→(1+0j)*X0X1,0.0296,0.019995235927188097,2500,,,,,,ExperimentResult,Z0_0 * Z0_1→(1+0j)*Y0Y1,-0.0192,0.02000031372302965,2500,,,,,,ExperimentResult,Z0_0 * Z0_1→(1+0j)*Z0Z1,-1.0,0.0,2500,,,,,,ExperimentResult,Z0_0 * Z0_1→(1+0j)*Z0,1.0,0.0,2500,,,,,,ExperimentResult,Z0_0 * Z0_1→(1+0j)*Z1,-1.0,0.0,2500,,,,,
0.5866829654294192,ExperimentResult,Z0_0 * Z0_1→(1+0j)*X0X1,-0.9192,0.007877395848003226,2500,,,,,,ExperimentResult,Z0_0 * Z0_1→(1+0j)*Y0Y1,-0.9152,0.008061611491006792,2500,,,,,,ExperimentResult,Z0_0 * Z0_1→(1+0j)*Z0Z1,-1.0,0.0,2500,,,,,,ExperimentResult,Z0_0 * Z0_1→(1+0j)*Z0,-0.4048,0.018291763705224756,2500,,,,,,ExperimentResult,Z0_0 * Z0_1→(1+0j)*Z1,0.4048,0.018291763705224756,2500,,,,,
-0.7507018589903321,ExperimentResult,Z0_0 * Z0_1→(1+0j)*X0X1,0.9992,0.0008000000000000001,2500,,,,,,ExperimentResult,Z0_0 * Z0_1→(1+0j)*Y0Y1,0.9984,0.0011311444625325482,2500,,,,,,ExperimentResult,Z0_0 * Z0_1→(1+0j)*Z0Z1,-1.0,0.0,2500,,,,,,ExperimentResult,Z0_0 * Z0_1→(1+0j)*Z0,-0.104,0.01989552544601675,2500,,,,,,ExperimentResult,Z0_0 * Z0_1→(1+0j)*Z1,0.104,0.01989552544601675,2500,,,,,
-1.1418238359432782,ExperimentResult,Z0_0 * Z0_1→(1+0j)*X0X1,0.7584,0.013038396216957213,2500,,,,,,ExperimentResult,Z0_0 * Z0_1→(1+0j)*Y0Y1,0.7896,0.012274893286789944,2500,,,,,,ExperimentResult,Z0_0 * Z0_1→(1+0j)*Z0Z1,-1.0,0.0,2500,,,,,,ExperimentResult,Z0_0 * Z0_1→(1+0j)*Z0,0.6512,0.01518115973977039,2500,,,,,,ExperimentResult,Z0_0 * Z0_1→(1+0j)*Z1,-0.6512,0.01518115973977039,2500,,,,,
-1.305842729504191,ExperimentResult,Z0_0 * Z0_1→(1+0j)*X0X1,0.4984,0.017342412741942363,2500,,,,,,ExperimentResult,Z0_0 * Z0_1→(1+0j)*Y0Y1,0.5088,0.01722113965626039,2500,,,,,,ExperimentResult,Z0_0 * Z0_1→(1+0j)*Z0Z1,-1.0,0.0,2500,,,,,,ExperimentResult,Z0_0 * Z0_1→(1+0j)*Z0,0.872,0.009792076077194373,2500,,,,,,ExperimentResult,Z0_0 * Z0_1→(1+0j)*Z1,-0.872,0.009792076077194373,2500,,,,,
-0.170327312544025,ExperimentResult,Z0_0 * Z0_1→(1+0j)*X0X1,0.3448,0.018777279315369277,2500,,,,,,ExperimentResult,Z0_0 * Z0_1→(1+0j)*Y0Y1,0.3208,0.01894672888427355,2500,,,,,,ExperimentResult,Z0_0 * Z0_1→(1+0j)*Z0Z1,-1.0,0.0,2500,,,,,,ExperimentResult,Z0_0 * Z0_1→(1+0j)*Z0,-0.9456,0.006507933410762032,2500,,,,,,ExperimentResult,Z0_0 * Z0_1→(1+0j)*Z1,0.9456,0.006507933410762032,2500,,,,,
1.2427585396730705,ExperimentResult,Z0_0 * Z0_1→(1+0j)*X0X1,-0.6032,0.01595499071423975,2500,,,,,,ExperimentResult,Z0_0 * Z0_1→(1+0j)*Y0Y1,-0.6208,0.015682516396554835,2500,,,,,,ExperimentResult,Z0_0 * Z0_1→(1+0j)*Z0Z1,-1.0,0.0,2500,,,,,,ExperimentResult,Z0_0 * Z0_1→(1+0j)*Z0,0.7824,0.012458016570495526,2500,,,,,,ExperimentResult,Z0_0 * Z0_1→(1+0j)*Z1,-0.7824,0.012458016570495526,2500,,,,,
0.4605145857671786,ExperimentResult,Z0_0 * Z0_1→(1+0j)*X0X1,-0.7896,0.012274893286789944,2500,,,,,,ExperimentResult,Z0_0 * Z0_1→(1+0j)*Y0Y1,-0.8016,0.011959606551870767,2500,,,,,,ExperimentResult,Z0_0 * Z0_1→(1+0j)*Z0Z1,-1.0,0.0,2500,,,,,,ExperimentResult,Z0_0 * Z0_1→(1+0j)*Z0,-0.5984,0.016027155826582512,2500,,,,,,ExperimentResult,Z0_0 * Z0_1→(1+0j)*Z1,0.5984,0.016027155826582512,2500,,,,,
1.2679922156055188,ExperimentResult,Z0_0 * Z0_1→(1+0j)*X0X1,-0.576,0.016352264632871174,2500,,,,,,ExperimentResult,Z0_0 * Z0_1→(1+0j)*Y0Y1,-0.5648,0.016507858363673404,2500,,,,,,ExperimentResult,Z0_0 * Z0_1→(1+0j)*Z0Z1,-1.0,0.0,2500,,,,,,ExperimentResult,Z0_0 * Z0_1→(1+0j)*Z0,0.816,0.01156335091717696,2500,,,,,,ExperimentResult,Z0_0 * Z0_1→(1+0j)*Z1,-0.816,0.01156335091717696,2500,,,,,
-0.5109819376320748,ExperimentResult,Z0_0 * Z0_1→(1+0j)*X0X1,0.8456,0.010678476855206405,2500,,,,,,ExperimentResult,Z0_0 * Z0_1→(1+0j)*Y0Y1,0.8384,0.010903289810487318,2500,,,,,,ExperimentResult,Z0_0 * Z0_1→(1+0j)*Z0Z1,-1.0,0.0,2500,,,,,,ExperimentResult,Z0_0 * Z0_1→(1+0j)*Z0,-0.5184,0.017106186736086073,2500,,,,,,ExperimentResult,Z0_0 * Z0_1→(1+0j)*Z1,0.5184,0.017106186736086073,2500,,,,,
0.03154209491556004,ExperimentResult,Z0_0 * Z0_1→(1+0j)*X0X1,-0.0696,0.019955491090170144,2500,,,,,,ExperimentResult,Z0_0 * Z0_1→(1+0j)*Y0Y1,-0.1112,0.019879937343047775,2500,,,,,,ExperimentResult,Z0_0 * Z0_1→(1+0j)*Z0Z1,-1.0,0.0,2500,,,,,,ExperimentResult,Z0_0 * Z0_1→(1+0j)*Z0,-0.9968,0.0015990393274426566,2500,,,,,,ExperimentResult,Z0_0 * Z0_1→(1+0j)*Z1,0.9968,0.0015990393274426566,2500,,,,,
1.1670575118757265,ExperimentResult,Z0_0 * Z0_1→(1+0j)*X0X1,-0.7368,0.01352492045778295,2500,,,,,,ExperimentResult,Z0_0 * Z0_1→(1+0j)*Y0Y1,-0.7136,0.014013870679743388,2500,,,,,,ExperimentResult,Z0_0 * Z0_1→(1+0j)*Z0Z1,-1.0,0.0,2500,,,,,,ExperimentResult,Z0_0 * Z0_1→(1+0j)*Z0,0.7104,0.014078779095089235,2500,,,,,,ExperimentResult,Z0_0 * Z0_1→(1+0j)*Z1,-0.7104,0.014078779095089235,2500,,,,,
1.1922911878081743,ExperimentResult,Z0_0 * Z0_1→(1+0j)*X0X1,-0.6912,0.014456161878123066,2500,,,,,,ExperimentResult,Z0_0 * Z0_1→(1+0j)*Y0Y1,-0.6504,0.015194877087883479,2500,,,,,,ExperimentResult,Z0_0 * Z0_1→(1+0j)*Z0Z1,-1.0,0.0,2500,,,,,,ExperimentResult,Z0_0 * Z0_1→(1+0j)*Z0,0.7376,0.01350746003476002,2500,,,,,,ExperimentResult,Z0_0 * Z0_1→(1+0j)*Z1,-0.7376,0.01350746003476002,2500,,,,,
-1.3815437573015354,ExperimentResult,Z0_0 * Z0_1→(1+0j)*X0X1,0.3728,0.018561947159523463,2500,,,,,,ExperimentResult,Z0_0 * Z0_1→(1+0j)*Y0Y1,0.3696,0.01858753707767238,2500,,,,,,ExperimentResult,Z0_0 * Z0_1→(1+0j)*Z0Z1,-1.0,0.0,2500,,,,,,ExperimentResult,Z0_0 * Z0_1→(1+0j)*Z0,0.9456,0.006507933410762014,2500,,,,,,ExperimentResult,Z0_0 * Z0_1→(1+0j)*Z1,-0.9456,0.006507933410762014,2500,,,,,
1.293225891537967,ExperimentResult,Z0_0 * Z0_1→(1+0j)*X0X1,-0.5448,0.016774675552628685,2500,,,,,,ExperimentResult,Z0_0 * Z0_1→(1+0j)*Y0Y1,-0.5088,0.01722113965626039,2500,,,,,,ExperimentResult,Z0_0 * Z0_1→(1+0j)*Z0Z1,-1.0,0.0,2500,,,,,,ExperimentResult,Z0_0 * Z0_1→(1+0j)*Z0,0.8584,0.010261671245888863,2500,,,,,,ExperimentResult,Z0_0 * Z0_1→(1+0j)*Z1,-0.8584,0.010261671245888863,2500,,,,,
1.1165901600108301,ExperimentResult,Z0_0 * Z0_1→(1+0j)*X0X1,-0.7784,0.012557884223963563,2500,,,,,,ExperimentResult,Z0_0 * Z0_1→(1+0j)*Y0Y1,-0.7952,0.012129370661871175,2500,,,,,,ExperimentResult,Z0_0 * Z0_1→(1+0j)*Z0Z1,-1.0,0.0,2500,,,,,,ExperimentResult,Z0_0 * Z0_1→(1+0j)*Z0,0.6048,0.015930734424995315,2500,,,,,,ExperimentResult,Z0_0 * Z0_1→(1+0j)*Z1,-0.6048,0.015930734424995315,2500,,,,,
0.3469630440711617,ExperimentResult,Z0_0 * Z0_1→(1+0j)*X0X1,-0.6592,0.015042361950878077,2500,,,,,,ExperimentResult,Z0_0 * Z0_1→(1+0j)*Y0Y1,-0.644,0.015303570815724178,2500,,,,,,ExperimentResult,Z0_0 * Z0_1→(1+0j)*Z0Z1,-1.0,0.0,2500,,,,,,ExperimentResult,Z0_0 * Z0_1→(1+0j)*Z0,-0.7632,0.012925832075883872,2500,,,,,,ExperimentResult,Z0_0 * Z0_1→(1+0j)*Z1,0.7632,0.012925832075883872,2500,,,,,
0.8768702386525726,ExperimentResult,Z0_0 * Z0_1→(1+0j)*X0X1,-0.9848,0.0034745378059802532,2500,,,,,,ExperimentResult,Z0_0 * Z0_1→(1+0j)*Y0Y1,-0.9856,0.0033825482484454265,2500,,,,,,ExperimentResult,Z0_0 * Z0_1→(1+0j)*Z0Z1,-1.0,0.0,2500,,,,,,ExperimentResult,Z0_0 * Z0_1→(1+0j)*Z0,0.1504,0.019776460233109087,2500,,,,,,ExperimentResult,Z0_0 * Z0_1→(1+0j)*Z1,-0.1504,0.019776460233109087,2500,,,,,
0.7380850210241081,ExperimentResult,Z0_0 * Z0_1→(1+0j)*X0X1,-0.9952,0.001957630436719532,2500,,,,,,ExperimentResult,Z0_0 * Z0_1→(1+0j)*Y0Y1,-0.9968,0.0015990393274426626,2500,,,,,,ExperimentResult,Z0_0 * Z0_1→(1+0j)*Z0Z1,-1.0,0.0,2500,,,,,,ExperimentResult,Z0_0 * Z0_1→(1+0j)*Z0,-0.0592,0.019968917022683642,2500,,,,,,ExperimentResult,Z0_0 * Z0_1→(1+0j)*Z1,0.0592,0.019968917022683642,2500,,,,,
0.8137860488214526,ExperimentResult,Z0_0 * Z0_1→(1+0j)*X0X1,-1.0,0.0,2500,,,,,,ExperimentResult,Z0_0 * Z0_1→(1+0j)*Y0Y1,-0.9976,0.001385086057021058,2500,,,,,,ExperimentResult,Z0_0 * Z0_1→(1+0j)*Z0Z1,-1.0,0.0,2500,,,,,,ExperimentResult,Z0_0 * Z0_1→(1+0j)*Z0,0.0544,0.01997437974853108,2500,,,,,,ExperimentResult,Z0_0 * Z0_1→(1+0j)*Z1,-0.0544,0.01997437974853108,2500,,,,,
1.1418238359432782,ExperimentResult,Z0_0 * Z0_1→(1+0j)*X0X1,-0.764,0.012906906495908215,2500,,,,,,ExperimentResult,Z0_0 * Z0_1→(1+0j)*Y0Y1,-0.7424,0.013401818514507583,2500,,,,,,ExperimentResult,Z0_0 * Z0_1→(1+0j)*Z0Z1,-1.0,0.0,2500,,,,,,ExperimentResult,Z0_0 * Z0_1→(1+0j)*Z0,0.6432,0.015317028058322074,2500,,,,,,ExperimentResult,Z0_0 * Z0_1→(1+0j)*Z1,-0.6432,0.015317028058322074,2500,,,,,
0.4731314237334026,ExperimentResult,Z0_0 * Z0_1→(1+0j)*X0X1,-0.8208,0.011426599269614179,2500,,,,,,ExperimentResult,Z0_0 * Z0_1→(1+0j)*Y0Y1,-0.812,0.011675484005843537,2500,,,,,,ExperimentResult,Z0_0 * Z0_1→(1+0j)*Z0Z1,-1.0,0.0,2500,,,,,,ExperimentResult,Z0_0 * Z0_1→(1+0j)*Z0,-0.5704,0.01643062756588738,2500,,,,,,ExperimentResult,Z0_0 * Z0_1→(1+0j)*Z1,0.5704,0.01643062756588738,2500,,,,,
-0.5992998033956433,ExperimentResult,Z0_0 * Z0_1→(1+0j)*X0X1,0.9288,0.007413110391884969,2500,,,,,,ExperimentResult,Z0_0 * Z0_1→(1+0j)*Y0Y1,0.936,0.007041408422540849,2500,,,,,,ExperimentResult,Z0_0 * Z0_1→(1+0j)*Z0Z1,-1.0,0.0,2500,,,,,,ExperimentResult,Z0_0 * Z0_1→(1+0j)*Z0,-0.316,0.01897897996922585,2500,,,,,,ExperimentResult,Z0_0 * Z0_1→(1+0j)*Z1,0.316,0.01897897996922585,2500,,,,,
-1.5077121369637765,ExperimentResult,Z0_0 * Z0_1→(1+0j)*X0X1,0.1608,0.019743689354011905,2500,,,,,,ExperimentResult,Z0_0 * Z0_1→(1+0j)*Y0Y1,0.148,0.019783704354422435,2500,,,,,,ExperimentResult,Z0_0 * Z0_1→(1+0j)*Z0Z1,-1.0,0.0,2500,,,,,,ExperimentResult,Z0_0 * Z0_1→(1+0j)*Z0,0.9944,0.002114058584211709,2500,,,,,,ExperimentResult,Z0_0 * Z0_1→(1+0j)*Z1,-0.9944,0.002114058584211709,2500,,,,,
-0.8011692108552284,ExperimentResult,Z0_0 * Z0_1→(1+0j)*X0X1,1.0,0.0,2500,,,,,,ExperimentResult,Z0_0 * Z0_1→(1+0j)*Y0Y1,0.9984,0.0011311444625325482,2500,,,,,,ExperimentResult,Z0_0 * Z0_1→(1+0j)*Z0Z1,-1.0,0.0,2500,,,,,,ExperimentResult,Z0_0 * Z0_1→(1+0j)*Z0,0.0032,0.02000389877965182,2500,,,,,,ExperimentResult,Z0_0 * Z0_1→(1+0j)*Z1,-0.0032,0.02000389877965182,2500,,,,,
-0.8516365627201247,ExperimentResult,Z0_0 * Z0_1→(1+0j)*X0X1,0.9928,0.0023961553839953074,2500,,,,,,ExperimentResult,Z0_0 * Z0_1→(1+0j)*Y0Y1,0.9904,0.0027651753068822084,2500,,,,,,ExperimentResult,Z0_0 * Z0_1→(1+0j)*Z0Z1,-1.0,0.0,2500,,,,,,ExperimentResult,Z0_0 * Z0_1→(1+0j)*Z0,0.1264,0.019843556200668067,2500,,,,,,ExperimentResult,Z0_0 * Z0_1→(1+0j)*Z1,-0.1264,0.019843556200668067,2500,,,,,
-0.15771047457780085,ExperimentResult,Z0_0 * Z0_1→(1+0j)*X0X1,0.3088,0.019026345543216965,2500,,,,,,ExperimentResult,Z0_0 * Z0_1→(1+0j)*Y0Y1,0.3352,0.01884670961694253,2500,,,,,,ExperimentResult,Z0_0 * Z0_1→(1+0j)*Z0Z1,-1.0,0.0,2500,,,,,,ExperimentResult,Z0_0 * Z0_1→(1+0j)*Z0,-0.952,0.0061231852298411615,2500,,,,,,ExperimentResult,Z0_0 * Z0_1→(1+0j)*Z1,0.952,0.0061231852298411615,2500,,,,,
-1.2553753776392949,ExperimentResult,Z0_0 * Z0_1→(1+0j)*X0X1,0.5744,0.01637477050964982,2500,,,,,,ExperimentResult,Z0_0 * Z0_1→(1+0j)*Y0Y1,0.5736,0.016385988412253274,2500,,,,,,ExperimentResult,Z0_0 * Z0_1→(1+0j)*Z0Z1,-1.0,0.0,2500,,,,,,ExperimentResult,Z0_0 * Z0_1→(1+0j)*Z0,0.8128,0.011653187663170996,2500,,,,,,ExperimentResult,Z0_0 * Z0_1→(1+0j)*Z1,-0.8128,0.011653187663170996,2500,,,,,
-1.078739646112158,ExperimentResult,Z0_0 * Z0_1→(1+0j)*X0X1,0.84,0.010853898969915817,2500,,,,,,ExperimentResult,Z0_0 * Z0_1→(1+0j)*Y0Y1,0.8512,0.010498929231402714,2500,,,,,,ExperimentResult,Z0_0 * Z0_1→(1+0j)*Z0Z1,-1.0,0.0,2500,,,,,,ExperimentResult,Z0_0 * Z0_1→(1+0j)*Z0,0.5432,0.016795426119494743,2500,,,,,,ExperimentResult,Z0_0 * Z0_1→(1+0j)*Z1,-0.5432,0.016795426119494743,2500,,,,,
1.3310764054366393,ExperimentResult,Z0_0 * Z0_1→(1+0j)*X0X1,-0.444,0.017924120889010364,2500,,,,,,ExperimentResult,Z0_0 * Z0_1→(1+0j)*Y0Y1,-0.4584,0.017778475909995012,2500,,,,,,ExperimentResult,Z0_0 * Z0_1→(1+0j)*Z0Z1,-1.0,0.0,2500,,,,,,ExperimentResult,Z0_0 * Z0_1→(1+0j)*Z0,0.88,0.009501374134522966,2500,,,,,,ExperimentResult,Z0_0 * Z0_1→(1+0j)*Z1,-0.88,0.009501374134522966,2500,,,,,
-0.2334115023751453,ExperimentResult,Z0_0 * Z0_1→(1+0j)*X0X1,0.4432,0.017932041915267215,2500,,,,,,ExperimentResult,Z0_0 * Z0_1→(1+0j)*Y0Y1,0.4672,0.017686570891949815,2500,,,,,,ExperimentResult,Z0_0 * Z0_1→(1+0j)*Z0Z1,-1.0,0.0,2500,,,,,,ExperimentResult,Z0_0 * Z0_1→(1+0j)*Z0,-0.8904,0.009105399459646274,2500,,,,,,ExperimentResult,Z0_0 * Z0_1→(1+0j)*Z1,0.8904,0.009105399459646274,2500,,,,,
-0.3721967200036101,ExperimentResult,Z0_0 * Z0_1→(1+0j)*X0X1,0.6776,0.014711555592362723,2500,,,,,,ExperimentResult,Z0_0 * Z0_1→(1+0j)*Y0Y1,0.6784,0.014696794695093345,2500,,,,,,ExperimentResult,Z0_0 * Z0_1→(1+0j)*Z0Z1,-1.0,0.0,2500,,,,,,ExperimentResult,Z0_0 * Z0_1→(1+0j)*Z0,-0.7344,0.013577053824605056,2500,,,,,,ExperimentResult,Z0_0 * Z0_1→(1+0j)*Z1,0.7344,0.013577053824605056,2500,,,,,
-1.0408891322134857,ExperimentResult,Z0_0 * Z0_1→(1+0j)*X0X1,0.8752,0.009677160894456124,2500,,,,,,ExperimentResult,Z0_0 * Z0_1→(1+0j)*Y0Y1,0.8608,0.010180903904945214,2500,,,,,,ExperimentResult,Z0_0 * Z0_1→(1+0j)*Z0Z1,-1.0,0.0,2500,,,,,,ExperimentResult,Z0_0 * Z0_1→(1+0j)*Z0,0.5152,0.01714482901824392,2500,,,,,,ExperimentResult,Z0_0 * Z0_1→(1+0j)*Z1,-0.5152,0.01714482901824392,2500,,,,,
0.056775770848008326,ExperimentResult,Z0_0 * Z0_1→(1+0j)*X0X1,-0.1112,0.019879937343047775,2500,,,,,,ExperimentResult,Z0_0 * Z0_1→(1+0j)*Y0Y1,-0.0976,0.01990849656036632,2500,,,,,,ExperimentResult,Z0_0 * Z0_1→(1+0j)*Z0Z1,-1.0,0.0,2500,,,,,,ExperimentResult,Z0_0 * Z0_1→(1+0j)*Z0,-0.992,0.002525262517108262,2500,,,,,,ExperimentResult,Z0_0 * Z0_1→(1+0j)*Z1,0.992,0.002525262517108262,2500,,,,,
-0.7633186969565562,ExperimentResult,Z0_0 * Z0_1→(1+0j)*X0X1,0.9992,0.0008000000000000001,2500,,,,,,ExperimentResult,Z0_0 * Z0_1→(1+0j)*Y0Y1,0.9992,0.0008000000000000001,2500,,,,,,ExperimentResult,Z0_0 * Z0_1→(1+0j)*Z0Z1,-1.0,0.0,2500,,,,,,ExperimentResult,Z0_0 * Z0_1→(1+0j)*Z0,-0.0648,0.019961958218330304,2500,,,,,,ExperimentResult,Z0_0 * Z0_1→(1+0j)*Z1,0.0648,0.019961958218330304,2500,,,,,
1.3941605952677594,ExperimentResult,Z0_0 * Z0_1→(1+0j)*X0X1,-0.3712,0.018574774100730197,2500,,,,,,ExperimentResult,Z0_0 * Z0_1→(1+0j)*Y0Y1,-0.3504,0.018735750514429245,2500,,,,,,ExperimentResult,Z0_0 * Z0_1→(1+0j)*Z0Z1,-1.0,0.0,2500,,,,,,ExperimentResult,Z0_0 * Z0_1→(1+0j)*Z0,0.9336,0.0071677727912312274,2500,,,,,,ExperimentResult,Z0_0 * Z0_1→(1+0j)*Z1,-0.9336,0.0071677727912312274,2500,,,,,
1.154440673909502,ExperimentResult,Z0_0 * Z0_1→(1+0j)*X0X1,-0.7584,0.013038396216957213,2500,,,,,,ExperimentResult,Z0_0 * Z0_1→(1+0j)*Y0Y1,-0.7256,0.013765087978608186,2500,,,,,,ExperimentResult,Z0_0 * Z0_1→(1+0j)*Z0Z1,-1.0,0.0,2500,,,,,,ExperimentResult,Z0_0 * Z0_1→(1+0j)*Z0,0.6728,0.014799448417741203,2500,,,,,,ExperimentResult,Z0_0 * Z0_1→(1+0j)*Z1,-0.6728,0.014799448417741203,2500,,,,,
0.6623839932267637,ExperimentResult,Z0_0 * Z0_1→(1+0j)*X0X1,-0.968,0.0050200079872522955,2500,,,,,,ExperimentResult,Z0_0 * Z0_1→(1+0j)*Y0Y1,-0.9672,0.00508133761885576,2500,,,,,,ExperimentResult,Z0_0 * Z0_1→(1+0j)*Z0Z1,-1.0,0.0,2500,,,,,,ExperimentResult,Z0_0 * Z0_1→(1+0j)*Z0,-0.2512,0.01936257699158589,2500,,,,,,ExperimentResult,Z0_0 * Z0_1→(1+0j)*Z1,0.2512,0.01936257699158589,2500,,,,,
0.9021039145850208,ExperimentResult,Z0_0 * Z0_1→(1+0j)*X0X1,-0.972,0.004700557211144024,2500,,,,,,ExperimentResult,Z0_0 * Z0_1→(1+0j)*Y0Y1,-0.9608,0.005545957722415807,2500,,,,,,ExperimentResult,Z0_0 * Z0_1→(1+0j)*Z0Z1,-1.0,0.0,2500,,,,,,ExperimentResult,Z0_0 * Z0_1→(1+0j)*Z0,0.2248,0.019491997311298456,2500,,,,,,ExperimentResult,Z0_0 * Z0_1→(1+0j)*Z1,-0.2248,0.019491997311298456,2500,,,,,
-0.4352809098347303,ExperimentResult,Z0_0 * Z0_1→(1+0j)*X0X1,0.772,0.012714993842993827,2500,,,,,,ExperimentResult,Z0_0 * Z0_1→(1+0j)*Y0Y1,0.7456,0.013330541524444309,2500,,,,,,ExperimentResult,Z0_0 * Z0_1→(1+0j)*Z0Z1,-1.0,0.0,2500,,,,,,ExperimentResult,Z0_0 * Z0_1→(1+0j)*Z0,-0.652,0.015167413100725781,2500,,,,,,ExperimentResult,Z0_0 * Z0_1→(1+0j)*Z1,0.652,0.015167413100725781,2500,,,,,
0.4983650996658509,ExperimentResult,Z0_0 * Z0_1→(1+0j)*X0X1,-0.84,0.010853898969915817,2500,,,,,,ExperimentResult,Z0_0 * Z0_1→(1+0j)*Y0Y1,-0.8336,0.011049581589423216,2500,,,,,,ExperimentResult,Z0_0 * Z0_1→(1+0j)*Z0Z1,-1.0,0.0,2500,,,,,,ExperimentResult,Z0_0 * Z0_1→(1+0j)*Z0,-0.5632,0.016529718589215592,2500,,,,,,ExperimentResult,Z0_0 * Z0_1→(1+0j)*Z1,0.5632,0.016529718589215592,2500,,,,,
0.6497671552605393,ExperimentResult,Z0_0 * Z0_1→(1+0j)*X0X1,-0.9704,0.0048310321411287925,2500,,,,,,ExperimentResult,Z0_0 * Z0_1→(1+0j)*Y0Y1,-0.9632,0.0053767897436275925,2500,,,,,,ExperimentResult,Z0_0 * Z0_1→(1+0j)*Z0Z1,-1.0,0.0,2500,,,,,,ExperimentResult,Z0_0 * Z0_1→(1+0j)*Z0,-0.268,0.01927223307214409,2500,,,,,,ExperimentResult,Z0_0 * Z0_1→(1+0j)*Z1,0.268,0.01927223307214409,2500,,,,,
-0.4731314237334026,ExperimentResult,Z0_0 * Z0_1→(1+0j)*X0X1,0.816,0.0115633509171768,2500,,,,,,ExperimentResult,Z0_0 * Z0_1→(1+0j)*Y0Y1,0.8104,0.011719883884719529,2500,,,,,,ExperimentResult,Z0_0 * Z0_1→(1+0j)*Z0Z1,-1.0,0.0,2500,,,,,,ExperimentResult,Z0_0 * Z0_1→(1+0j)*Z0,-0.5792,0.01630697123700083,2500,,,,,,ExperimentResult,Z0_0 * Z0_1→(1+0j)*Z1,0.5792,0.01630697123700083,2500,,,,,
0.9651881044161411,ExperimentResult,Z0_0 * Z0_1→(1+0j)*X0X1,-0.9368,0.0069987067918797306,2500,,,,,,ExperimentResult,Z0_0 * Z0_1→(1+0j)*Y0Y1,-0.9456,0.006507933410761942,2500,,,,,,ExperimentResult,Z0_0 * Z0_1→(1+0j)*Z0Z1,-1.0,0.0,2500,,,,,,ExperimentResult,Z0_0 * Z0_1→(1+0j)*Z0,0.3752,0.01854258652416101,2500,,,,,,ExperimentResult,Z0_0 * Z0_1→(1+0j)*Z1,-0.3752,0.01854258652416101,2500,,,,,
0.5614492894969709,ExperimentResult,Z0_0 * Z0_1→(1+0j)*X0X1,-0.9104,0.008276239149141445,2500,,,,,,ExperimentResult,Z0_0 * Z0_1→(1+0j)*Y0Y1,-0.8816,0.009441834318294175,2500,,,,,,ExperimentResult,Z0_0 * Z0_1→(1+0j)*Z0Z1,-1.0,0.0,2500,,,,,,ExperimentResult,Z0_0 * Z0_1→(1+0j)*Z0,-0.42,0.01815411327307067,2500,,,,,,ExperimentResult,Z0_0 * Z0_1→(1+0j)*Z1,0.42,0.01815411327307067,2500,,,,,
1.0408891322134854,ExperimentResult,Z0_0 * Z0_1→(1+0j)*X0X1,-0.8832,0.009381807465756788,2500,,,,,,ExperimentResult,Z0_0 * Z0_1→(1+0j)*Y0Y1,-0.8696,0.009877112885027559,2500,,,,,,ExperimentResult,Z0_0 * Z0_1→(1+0j)*Z0Z1,-1.0,0.0,2500,,,,,,ExperimentResult,Z0_0 * Z0_1→(1+0j)*Z0,0.4944,0.017388168257701942,2500,,,,,,ExperimentResult,Z0_0 * Z0_1→(1+0j)*Z1,-0.4944,0.017388168257701942,2500,,,,,
0.22079466440892115,ExperimentResult,Z0_0 * Z0_1→(1+0j)*X0X1,-0.4264,0.018094313407009077,2500,,,,,,ExperimentResult,Z0_0 * Z0_1→(1+0j)*Y0Y1,-0.4432,0.017932041915267215,2500,,,,,,ExperimentResult,Z0_0 * Z0_1→(1+0j)*Z0Z1,-1.0,0.0,2500,,,,,,ExperimentResult,Z0_0 * Z0_1→(1+0j)*Z0,-0.9128,0.008169771236994743,2500,,,,,,ExperimentResult,Z0_0 * Z0_1→(1+0j)*Z1,0.9128,0.008169771236994743,2500,,,,,
-1.3941605952677596,ExperimentResult,Z0_0 * Z0_1→(1+0j)*X0X1,0.3376,0.018829559658334306,2500,,,,,,ExperimentResult,Z0_0 * Z0_1→(1+0j)*Y0Y1,0.3336,0.018858066355452955,2500,,,,,,ExperimentResult,Z0_0 * Z0_1→(1+0j)*Z0Z1,-1.0,0.0,2500,,,,,,ExperimentResult,Z0_0 * Z0_1→(1+0j)*Z0,0.932,0.007250615737399709,2500,,,,,,ExperimentResult,Z0_0 * Z0_1→(1+0j)*Z1,-0.932,0.007250615737399709,2500,,,,,
-1.444627947132656,ExperimentResult,Z0_0 * Z0_1→(1+0j)*X0X1,0.2128,0.019545825122308978,2500,,,,,,ExperimentResult,Z0_0 * Z0_1→(1+0j)*Y0Y1,0.2544,0.01934585125509637,2500,,,,,,ExperimentResult,Z0_0 * Z0_1→(1+0j)*Z0Z1,-1.0,0.0,2500,,,,,,ExperimentResult,Z0_0 * Z0_1→(1+0j)*Z0,0.9704,0.004831032141128835,2500,,,,,,ExperimentResult,Z0_0 * Z0_1→(1+0j)*Z1,-0.9704,0.004831032141128835,2500,,,,,
-0.5235987755982989,ExperimentResult,Z0_0 * Z0_1→(1+0j)*X0X1,0.876,0.009648151881779926,2500,,,,,,ExperimentResult,Z0_0 * Z0_1→(1+0j)*Y0Y1,0.8728,0.009763513428975818,2500,,,,,,ExperimentResult,Z0_0 * Z0_1→(1+0j)*Z0Z1,-1.0,0.0,2500,,,,,,ExperimentResult,Z0_0 * Z0_1→(1+0j)*Z0,-0.5224,0.017057422966888013,2500,,,,,,ExperimentResult,Z0_0 * Z0_1→(1+0j)*Z1,0.5224,0.017057422966888013,2500,,,,,
-0.3091125301724897,ExperimentResult,Z0_0 * Z0_1→(1+0j)*X0X1,0.5856,0.016215246827966472,2500,,,,,,ExperimentResult,Z0_0 * Z0_1→(1+0j)*Y0Y1,0.5728,0.016397183021617398,2500,,,,,,ExperimentResult,Z0_0 * Z0_1→(1+0j)*Z0Z1,-1.0,0.0,2500,,,,,,ExperimentResult,Z0_0 * Z0_1→(1+0j)*Z0,-0.8136,0.011630826559216857,2500,,,,,,ExperimentResult,Z0_0 * Z0_1→(1+0j)*Z1,0.8136,0.011630826559216857,2500,,,,,
-0.2838788542400417,ExperimentResult,Z0_0 * Z0_1→(1+0j)*X0X1,0.508,0.017230587838576637,2500,,,,,,ExperimentResult,Z0_0 * Z0_1→(1+0j)*Y0Y1,0.5336,0.016918123570953864,2500,,,,,,ExperimentResult,Z0_0 * Z0_1→(1+0j)*Z0Z1,-1.0,0.0,2500,,,,,,ExperimentResult,Z0_0 * Z0_1→(1+0j)*Z0,-0.844,0.01072900949099493,2500,,,,,,ExperimentResult,Z0_0 * Z0_1→(1+0j)*Z1,0.844,0.01072900949099493,2500,,,,,
1.1292069979770545,ExperimentResult,Z0_0 * Z0_1→(1+0j)*X0X1,-0.7528,0.013167620076817033,2500,,,,,,ExperimentResult,Z0_0 * Z0_1→(1+0j)*Y0Y1,-0.7456,0.013330541524444305,2500,,,,,,ExperimentResult,Z0_0 * Z0_1→(1+0j)*Z0Z1,-1.0,0.0,2500,,,,,,ExperimentResult,Z0_0 * Z0_1→(1+0j)*Z0,0.6328,0.015489403883076616,2500,,,,,,ExperimentResult,Z0_0 * Z0_1→(1+0j)*Z1,-0.6328,0.015489403883076616,2500,,,,,
-0.9904217803485894,ExperimentResult,Z0_0 * Z0_1→(1+0j)*X0X1,0.912,0.008205445248899849,2500,,,,,,ExperimentResult,Z0_0 * Z0_1→(1+0j)*Y0Y1,0.9272,0.00749283130788378,2500,,,,,,ExperimentResult,Z0_0 * Z0_1→(1+0j)*Z0Z1,-1.0,0.0,2500,,,,,,ExperimentResult,Z0_0 * Z0_1→(1+0j)*Z0,0.392,0.018402985299868724,2500,,,,,,ExperimentResult,Z0_0 * Z0_1→(1+0j)*Z1,-0.392,0.018402985299868724,2500,,,,,
1.495095298997552,ExperimentResult,Z0_0 * Z0_1→(1+0j)*X0X1,-0.152,0.01977156457912126,2500,,,,,,ExperimentResult,Z0_0 * Z0_1→(1+0j)*Y0Y1,-0.1328,0.01982682287110229,2500,,,,,,ExperimentResult,Z0_0 * Z0_1→(1+0j)*Z0Z1,-1.0,0.0,2500,,,,,,ExperimentResult,Z0_0 * Z0_1→(1+0j)*Z0,0.9888,0.0029855299957867094,2500,,,,,,ExperimentResult,Z0_0 * Z0_1→(1+0j)*Z1,-0.9888,0.0029855299957867094,2500,,,,,
-0.7380850210241079,ExperimentResult,Z0_0 * Z0_1→(1+0j)*X0X1,0.9968,0.0015990393274426626,2500,,,,,,ExperimentResult,Z0_0 * Z0_1→(1+0j)*Y0Y1,0.9936,0.0022595703713992454,2500,,,,,,ExperimentResult,Z0_0 * Z0_1→(1+0j)*Z0Z1,-1.0,0.0,2500,,,,,,ExperimentResult,Z0_0 * Z0_1→(1+0j)*Z0,-0.0968,0.01991005947221815,2500,,,,,,ExperimentResult,Z0_0 * Z0_1→(1+0j)*Z1,0.0968,0.01991005947221815,2500,,,,,
0.6876176691592115,ExperimentResult,Z0_0 * Z0_1→(1+0j)*X0X1,-0.984,0.0035640820799230995,2500,,,,,,ExperimentResult,Z0_0 * Z0_1→(1+0j)*Y0Y1,-0.9832,0.0036513609756897384,2500,,,,,,ExperimentResult,Z0_0 * Z0_1→(1+0j)*Z0Z1,-1.0,0.0,2500,,,,,,ExperimentResult,Z0_0 * Z0_1→(1+0j)*Z0,-0.1976,0.01960957700217141,2500,,,,,,ExperimentResult,Z0_0 * Z0_1→(1+0j)*Z1,0.1976,0.01960957700217141,2500,,,,,
-0.11985996067912864,ExperimentResult,Z0_0 * Z0_1→(1+0j)*X0X1,0.2408,0.019415378615177926,2500,,,,,,ExperimentResult,Z0_0 * Z0_1→(1+0j)*Y0Y1,0.228,0.019477118453644596,2500,,,,,,ExperimentResult,Z0_0 * Z0_1→(1+0j)*Z0Z1,-1.0,0.0,2500,,,,,,ExperimentResult,Z0_0 * Z0_1→(1+0j)*Z0,-0.9712,0.004766268029010678,2500,,,,,,ExperimentResult,Z0_0 * Z0_1→(1+0j)*Z1,0.9712,0.004766268029010678,2500,,,,,
-0.9651881044161412,ExperimentResult,Z0_0 * Z0_1→(1+0j)*X0X1,0.9328,0.007209331021773974,2500,,,,,,ExperimentResult,Z0_0 * Z0_1→(1+0j)*Y0Y1,0.9456,0.006507933410761942,2500,,,,,,ExperimentResult,Z0_0 * Z0_1→(1+0j)*Z0Z1,-1.0,0.0,2500,,,,,,ExperimentResult,Z0_0 * Z0_1→(1+0j)*Z0,0.3568,0.018687353768694986,2500,,,,,,ExperimentResult,Z0_0 * Z0_1→(1+0j)*Z1,-0.3568,0.018687353768694986,2500,,,,,
-0.5362156135645229,ExperimentResult,Z0_0 * Z0_1→(1+0j)*X0X1,0.8912,0.00907402662458478,2500,,,,,,ExperimentResult,Z0_0 * Z0_1→(1+0j)*Y0Y1,0.8848,0.009321284167721428,2500,,,,,,ExperimentResult,Z0_0 * Z0_1→(1+0j)*Z0Z1,-1.0,0.0,2500,,,,,,ExperimentResult,Z0_0 * Z0_1→(1+0j)*Z0,-0.5,0.017323973216880926,2500,,,,,,ExperimentResult,Z0_0 * Z0_1→(1+0j)*Z1,0.5,0.017323973216880926,2500,,,,,
-1.280609053571743,ExperimentResult,Z0_0 * Z0_1→(1+0j)*X0X1,0.5416,0.016816090162559846,2500,,,,,,ExperimentResult,Z0_0 * Z0_1→(1+0j)*Y0Y1,0.5728,0.016397183021617398,2500,,,,,,ExperimentResult,Z0_0 * Z0_1→(1+0j)*Z0Z1,-1.0,0.0,2500,,,,,,ExperimentResult,Z0_0 * Z0_1→(1+0j)*Z0,0.8424,0.010779210200613893,2500,,,,,,ExperimentResult,Z0_0 * Z0_1→(1+0j)*Z1,-0.8424,0.010779210200613893,2500,,,,,
-0.4478977478009545,ExperimentResult,Z0_0 * Z0_1→(1+0j)*X0X1,0.7728,0.012695532072892635,2500,,,,,,ExperimentResult,Z0_0 * Z0_1→(1+0j)*Y0Y1,0.7848,0.012397461950945043,2500,,,,,,ExperimentResult,Z0_0 * Z0_1→(1+0j)*Z0Z1,-1.0,0.0,2500,,,,,,ExperimentResult,Z0_0 * Z0_1→(1+0j)*Z0,-0.6248,0.015618820794964707,2500,,,,,,ExperimentResult,Z0_0 * Z0_1→(1+0j)*Z1,0.6248,0.015618820794964707,2500,,,,,
1.4193942712002077,ExperimentResult,Z0_0 * Z0_1→(1+0j)*X0X1,-0.2856,0.01917081281598697,2500,,,,,,ExperimentResult,Z0_0 * Z0_1→(1+0j)*Y0Y1,-0.2864,0.019166036386804447,2500,,,,,,ExperimentResult,Z0_0 * Z0_1→(1+0j)*Z0Z1,-1.0,0.0,2500,,,,,,ExperimentResult,Z0_0 * Z0_1→(1+0j)*Z0,0.9544,0.005971810530182976,2500,,,,,,ExperimentResult,Z0_0 * Z0_1→(1+0j)*Z1,-0.9544,0.005971810530182976,2500,,,,,
1.0787396461121577,ExperimentResult,Z0_0 * Z0_1→(1+0j)*X0X1,-0.8344,0.01102539249695378,2500,,,,,,ExperimentResult,Z0_0 * Z0_1→(1+0j)*Y0Y1,-0.8256,0.011287374270713755,2500,,,,,,ExperimentResult,Z0_0 * Z0_1→(1+0j)*Z0Z1,-1.0,0.0,2500,,,,,,ExperimentResult,Z0_0 * Z0_1→(1+0j)*Z0,0.5552,0.016637665363971682,2500,,,,,,ExperimentResult,Z0_0 * Z0_1→(1+0j)*Z1,-0.5552,0.016637665363971682,2500,,,,,
0.06939260881423226,ExperimentResult,Z0_0 * Z0_1→(1+0j)*X0X1,-0.1672,0.01972240485593277,2500,,,,,,ExperimentResult,Z0_0 * Z0_1→(1+0j)*Y0Y1,-0.1456,0.019790829360355474,2500,,,,,,ExperimentResult,Z0_0 * Z0_1→(1+0j)*Z0Z1,-1.0,0.0,2500,,,,,,ExperimentResult,Z0_0 * Z0_1→(1+0j)*Z0,-0.9928,0.002396155383995324,2500,,,,,,ExperimentResult,Z0_0 * Z0_1→(1+0j)*Z1,0.9928,0.002396155383995324,2500,,,,,
0.20817782644269697,ExperimentResult,Z0_0 * Z0_1→(1+0j)*X0X1,-0.4032,0.018305899223434816,2500,,,,,,ExperimentResult,Z0_0 * Z0_1→(1+0j)*Y0Y1,-0.3776,0.018523081218175502,2500,,,,,,ExperimentResult,Z0_0 * Z0_1→(1+0j)*Z0Z1,-1.0,0.0,2500,,,,,,ExperimentResult,Z0_0 * Z0_1→(1+0j)*Z0,-0.9232,0.007687935076358039,2500,,,,,,ExperimentResult,Z0_0 * Z0_1→(1+0j)*Z1,0.9232,0.007687935076358039,2500,,,,,
1.2553753776392949,ExperimentResult,Z0_0 * Z0_1→(1+0j)*X0X1,-0.5872,0.016192076375033993,2500,,,,,,ExperimentResult,Z0_0 * Z0_1→(1+0j)*Y0Y1,-0.5824,0.016261299700429204,2500,,,,,,ExperimentResult,Z0_0 * Z0_1→(1+0j)*Z0Z1,-1.0,0.0,2500,,,,,,ExperimentResult,Z0_0 * Z0_1→(1+0j)*Z0,0.808,0.011786007126486807,2500,,,,,,ExperimentResult,Z0_0 * Z0_1→(1+0j)*Z1,-0.808,0.011786007126486807,2500,,,,,
-1.2679922156055188,ExperimentResult,Z0_0 * Z0_1→(1+0j)*X0X1,0.5512,0.016690801572808216,2500,,,,,,ExperimentResult,Z0_0 * Z0_1→(1+0j)*Y0Y1,0.5608,0.016562338857400872,2500,,,,,,ExperimentResult,Z0_0 * Z0_1→(1+0j)*Z0Z1,-1.0,0.0,2500,,,,,,ExperimentResult,Z0_0 * Z0_1→(1+0j)*Z0,0.824,0.011334063013489899,2500,,,,,,ExperimentResult,Z0_0 * Z0_1→(1+0j)*Z1,-0.824,0.011334063013489899,2500,,,,,
0.08200944678045641,ExperimentResult,Z0_0 * Z0_1→(1+0j)*X0X1,-0.148,0.019783704354422435,2500,,,,,,ExperimentResult,Z0_0 * Z0_1→(1+0j)*Y0Y1,-0.1824,0.01966842227363175,2500,,,,,,ExperimentResult,Z0_0 * Z0_1→(1+0j)*Z0Z1,-1.0,0.0,2500,,,,,,ExperimentResult,Z0_0 * Z0_1→(1+0j)*Z0,-0.9864,0.0032879081702587047,2500,,,,,,ExperimentResult,Z0_0 * Z0_1→(1+0j)*Z1,0.9864,0.0032879081702587047,2500,,,,,
-1.4320111091664318,ExperimentResult,Z0_0 * Z0_1→(1+0j)*X0X1,0.2632,0.01929868595816525,2500,,,,,,ExperimentResult,Z0_0 * Z0_1→(1+0j)*Y0Y1,0.3,0.01908260093025333,2500,,,,,,ExperimentResult,Z0_0 * Z0_1→(1+0j)*Z0Z1,-1.0,0.0,2500,,,,,,ExperimentResult,Z0_0 * Z0_1→(1+0j)*Z0,0.9616,0.005490194249127832,2500,,,,,,ExperimentResult,Z0_0 * Z0_1→(1+0j)*Z1,-0.9616,0.005490194249127832,2500,,,,,
0.6371503172943154,ExperimentResult,Z0_0 * Z0_1→(1+0j)*X0X1,-0.9504,0.006221850252796776,2500,,,,,,ExperimentResult,Z0_0 * Z0_1→(1+0j)*Y0Y1,-0.964,0.00531910868161826,2500,,,,,,ExperimentResult,Z0_0 * Z0_1→(1+0j)*Z0Z1,-1.0,0.0,2500,,,,,,ExperimentResult,Z0_0 * Z0_1→(1+0j)*Z0,-0.3032,0.019062351725359188,2500,,,,,,ExperimentResult,Z0_0 * Z0_1→(1+0j)*Z1,0.3032,0.019062351725359188,2500,,,,,
0.7885523728890043,ExperimentResult,Z0_0 * Z0_1→(1+0j)*X0X1,-1.0,0.0,2500,,,,,,ExperimentResult,Z0_0 * Z0_1→(1+0j)*Y0Y1,-1.0,0.0,2500,,,,,,ExperimentResult,Z0_0 * Z0_1→(1+0j)*Z0Z1,-1.0,0.0,2500,,,,,,ExperimentResult,Z0_0 * Z0_1→(1+0j)*Z0,-0.0176,0.020000902740730547,2500,,,,,,ExperimentResult,Z0_0 * Z0_1→(1+0j)*Z1,0.0176,0.020000902740730547,2500,,,,,
0.17032731254402478,ExperimentResult,Z0_0 * Z0_1→(1+0j)*X0X1,-0.3368,0.018835291643203026,2500,,,,,,ExperimentResult,Z0_0 * Z0_1→(1+0j)*Y0Y1,-0.3216,0.01894130104174636,2500,,,,,,ExperimentResult,Z0_0 * Z0_1→(1+0j)*Z0Z1,-1.0,0.0,2500,,,,,,ExperimentResult,Z0_0 * Z0_1→(1+0j)*Z0,-0.944,0.006600229178603285,2500,,,,,,ExperimentResult,Z0_0 * Z0_1→(1+0j)*Z1,0.944,0.006600229178603285,2500,,,,,
-1.293225891537967,ExperimentResult,Z0_0 * Z0_1→(1+0j)*X0X1,0.5152,0.01714482901824413,2500,,,,,,ExperimentResult,Z0_0 * Z0_1→(1+0j)*Y0Y1,0.5528,0.016669613504990518,2500,,,,,,ExperimentResult,Z0_0 * Z0_1→(1+0j)*Z0Z1,-1.0,0.0,2500,,,,,,ExperimentResult,Z0_0 * Z0_1→(1+0j)*Z0,0.8496,0.010550661713135769,2500,,,,,,ExperimentResult,Z0_0 * Z0_1→(1+0j)*Z1,-0.8496,0.010550661713135769,2500,,,,,
-0.3595798820373859,ExperimentResult,Z0_0 * Z0_1→(1+0j)*X0X1,0.6736,0.01478487920347084,2500,,,,,,ExperimentResult,Z0_0 * Z0_1→(1+0j)*Y0Y1,0.6792,0.014682001514350382,2500,,,,,,ExperimentResult,Z0_0 * Z0_1→(1+0j)*Z0Z1,-1.0,0.0,2500,,,,,,ExperimentResult,Z0_0 * Z0_1→(1+0j)*Z0,-0.7512,0.013204134339875192,2500,,,,,,ExperimentResult,Z0_0 * Z0_1→(1+0j)*Z1,0.7512,0.013204134339875192,2500,,,,,
-0.19556098847647307,ExperimentResult,Z0_0 * Z0_1→(1+0j)*X0X1,0.4288,0.018071603612929792,2500,,,,,,ExperimentResult,Z0_0 * Z0_1→(1+0j)*Y0Y1,0.404,0.018298839827038386,2500,,,,,,ExperimentResult,Z0_0 * Z0_1→(1+0j)*Z0Z1,-1.0,0.0,2500,,,,,,ExperimentResult,Z0_0 * Z0_1→(1+0j)*Z0,-0.9264,0.007532324366631025,2500,,,,,,ExperimentResult,Z0_0 * Z0_1→(1+0j)*Z1,0.9264,0.007532324366631025,2500,,,,,
-0.18294415051024915,ExperimentResult,Z0_0 * Z0_1→(1+0j)*X0X1,0.356,0.01869345816458957,2500,,,,,,ExperimentResult,Z0_0 * Z0_1→(1+0j)*Y0Y1,0.3432,0.018789005154235133,2500,,,,,,ExperimentResult,Z0_0 * Z0_1→(1+0j)*Z0Z1,-1.0,0.0,2500,,,,,,ExperimentResult,Z0_0 * Z0_1→(1+0j)*Z0,-0.9496,0.006270539360018813,2500,,,,,,ExperimentResult,Z0_0 * Z0_1→(1+0j)*Z1,0.9496,0.006270539360018813,2500,,,,,
0.04415893288178418,ExperimentResult,Z0_0 * Z0_1→(1+0j)*X0X1,-0.0552,0.01997350145327858,2500,,,,,,ExperimentResult,Z0_0 * Z0_1→(1+0j)*Y0Y1,-0.0904,0.01992209557141976,2500,,,,,,ExperimentResult,Z0_0 * Z0_1→(1+0j)*Z0Z1,-1.0,0.0,2500,,,,,,ExperimentResult,Z0_0 * Z0_1→(1+0j)*Z0,-0.9976,0.0013850860570210782,2500,,,,,,ExperimentResult,Z0_0 * Z0_1→(1+0j)*Z1,0.9976,0.0013850860570210782,2500,,,,,
1.3184595674704152,ExperimentResult,Z0_0 * Z0_1→(1+0j)*X0X1,-0.468,0.01767810527637125,2500,,,,,,ExperimentResult,Z0_0 * Z0_1→(1+0j)*Y0Y1,-0.4768,0.017583753278289045,2500,,,,,,ExperimentResult,Z0_0 * Z0_1→(1+0j)*Z0Z1,-1.0,0.0,2500,,,,,,ExperimentResult,Z0_0 * Z0_1→(1+0j)*Z0,0.8712,0.009820529574338068,2500,,,,,,ExperimentResult,Z0_0 * Z0_1→(1+0j)*Z1,-0.8712,0.009820529574338068,2500,,,,,
-0.5866829654294192,ExperimentResult,Z0_0 * Z0_1→(1+0j)*X0X1,0.9224,0.0077262652083414695,2500,,,,,,ExperimentResult,Z0_0 * Z0_1→(1+0j)*Y0Y1,0.9256,0.00757157761071007,2500,,,,,,ExperimentResult,Z0_0 * Z0_1→(1+0j)*Z0Z1,-1.0,0.0,2500,,,,,,ExperimentResult,Z0_0 * Z0_1→(1+0j)*Z0,-0.3944,0.018382454184595266,2500,,,,,,ExperimentResult,Z0_0 * Z0_1→(1+0j)*Z1,0.3944,0.018382454184595266,2500,,,,,
-1.3184595674704152,ExperimentResult,Z0_0 * Z0_1→(1+0j)*X0X1,0.4664,0.017695017984296763,2500,,,,,,ExperimentResult,Z0_0 * Z0_1→(1+0j)*Y0Y1,0.472,0.017635498414326958,2500,,,,,,ExperimentResult,Z0_0 * Z0_1→(1+0j)*Z0Z1,-1.0,0.0,2500,,,,,,ExperimentResult,Z0_0 * Z0_1→(1+0j)*Z0,0.8696,0.009877112885027734,2500,,,,,,ExperimentResult,Z0_0 * Z0_1→(1+0j)*Z1,-0.8696,0.009877112885027734,2500,,,,,
0.9273375905174688,ExperimentResult,Z0_0 * Z0_1→(1+0j)*X0X1,-0.964,0.00531910868161826,2500,,,,,,ExperimentResult,Z0_0 * Z0_1→(1+0j)*Y0Y1,-0.9552,0.005920405770029003,2500,,,,,,ExperimentResult,Z0_0 * Z0_1→(1+0j)*Z0Z1,-1.0,0.0,2500,,,,,,ExperimentResult,Z0_0 * Z0_1→(1+0j)*Z0,0.2696,0.019263301012712307,2500,,,,,,ExperimentResult,Z0_0 * Z0_1→(1+0j)*Z1,-0.2696,0.019263301012712307,2500,,,,,
0.384813557969834,ExperimentResult,Z0_0 * Z0_1→(1+0j)*X0X1,-0.7136,0.01401387067974339,2500,,,,,,ExperimentResult,Z0_0 * Z0_1→(1+0j)*Y0Y1,-0.712,0.014046398845547967,2500,,,,,,ExperimentResult,Z0_0 * Z0_1→(1+0j)*Z0Z1,-1.0,0.0,2500,,,,,,ExperimentResult,Z0_0 * Z0_1→(1+0j)*Z0,-0.7024,0.01423849675759235,2500,,,,,,ExperimentResult,Z0_0 * Z0_1→(1+0j)*Z1,0.7024,0.01423849675759235,2500,,,,,
-0.03154209491556026,ExperimentResult,Z0_0 * Z0_1→(1+0j)*X0X1,0.064,0.019962990968373485,2500,,,,,,ExperimentResult,Z0_0 * Z0_1→(1+0j)*Y0Y1,0.0464,0.01998245569028406,2500,,,,,,ExperimentResult,Z0_0 * Z0_1→(1+0j)*Z0Z1,-1.0,0.0,2500,,,,,,ExperimentResult,Z0_0 * Z0_1→(1+0j)*Z0,-0.9984,0.0011311444625325775,2500,,,,,,ExperimentResult,Z0_0 * Z0_1→(1+0j)*Z1,0.9984,0.0011311444625325775,2500,,,,,
1.52032897493,ExperimentResult,Z0_0 * Z0_1→(1+0j)*X0X1,-0.1416,0.01980244001764078,2500,,,,,,ExperimentResult,Z0_0 * Z0_1→(1+0j)*Y0Y1,-0.1008,0.019902115005010622,2500,,,,,,ExperimentResult,Z0_0 * Z0_1→(1+0j)*Z0Z1,-1.0,0.0,2500,,,,,,ExperimentResult,Z0_0 * Z0_1→(1+0j)*Z0,0.9936,0.0022595703713992306,2500,,,,,,ExperimentResult,Z0_0 * Z0_1→(1+0j)*Z1,-0.9936,0.0022595703713992306,2500,,,,,
0.6119166413618671,ExperimentResult,Z0_0 * Z0_1→(1+0j)*X0X1,-0.948,0.0063666799704035874,2500,,,,,,ExperimentResult,Z0_0 * Z0_1→(1+0j)*Y0Y1,-0.9408,0.00678059987123894,2500,,,,,,ExperimentResult,Z0_0 * Z0_1→(1+0j)*Z0Z1,-1.0,0.0,2500,,,,,,ExperimentResult,Z0_0 * Z0_1→(1+0j)*Z0,-0.3024,0.019067436189722807,2500,,,,,,ExperimentResult,Z0_0 * Z0_1→(1+0j)*Z1,0.3024,0.019067436189722807,2500,,,,,
-1.1292069979770545,ExperimentResult,Z0_0 * Z0_1→(1+0j)*X0X1,0.7352,0.013559717193664063,2500,,,,,,ExperimentResult,Z0_0 * Z0_1→(1+0j)*Y0Y1,0.7696,0.012773080937606849,2500,,,,,,ExperimentResult,Z0_0 * Z0_1→(1+0j)*Z0Z1,-1.0,0.0,2500,,,,,,ExperimentResult,Z0_0 * Z0_1→(1+0j)*Z0,0.6464,0.01526302722267119,2500,,,,,,ExperimentResult,Z0_0 * Z0_1→(1+0j)*Z1,-0.6464,0.01526302722267119,2500,,,,,
0.5740661274631949,ExperimentResult,Z0_0 * Z0_1→(1+0j)*X0X1,-0.912,0.008205445248899847,2500,,,,,,ExperimentResult,Z0_0 * Z0_1→(1+0j)*Y0Y1,-0.9056,0.008484353228141785,2500,,,,,,ExperimentResult,Z0_0 * Z0_1→(1+0j)*Z0Z1,-1.0,0.0,2500,,,,,,ExperimentResult,Z0_0 * Z0_1→(1+0j)*Z0,-0.4016,0.01831996791726974,2500,,,,,,ExperimentResult,Z0_0 * Z0_1→(1+0j)*Z1,0.4016,0.01831996791726974,2500,,,,,
-0.725468183057884,ExperimentResult,Z0_0 * Z0_1→(1+0j)*X0X1,0.9904,0.0027651753068822084,2500,,,,,,ExperimentResult,Z0_0 * Z0_1→(1+0j)*Y0Y1,0.992,0.0025252625171082953,2500,,,,,,ExperimentResult,Z0_0 * Z0_1→(1+0j)*Z0Z1,-1.0,0.0,2500,,,,,,ExperimentResult,Z0_0 * Z0_1→(1+0j)*Z0,-0.0944,0.01991467031204545,2500,,,,,,ExperimentResult,Z0_0 * Z0_1→(1+0j)*Z1,0.0944,0.01991467031204545,2500,,,,,
-0.6876176691592117,ExperimentResult,Z0_0 * Z0_1→(1+0j)*X0X1,0.9784,0.004135240753140569,2500,,,,,,ExperimentResult,Z0_0 * Z0_1→(1+0j)*Y0Y1,0.9816,0.0038197398032936676,2500,,,,,,ExperimentResult,Z0_0 * Z0_1→(1+0j)*Z0Z1,-1.0,0.0,2500,,,,,,ExperimentResult,Z0_0 * Z0_1→(1+0j)*Z0,-0.1864,0.019653409846829124,2500,,,,,,ExperimentResult,Z0_0 * Z0_1→(1+0j)*Z1,0.1864,0.019653409846829124,2500,,,,,
1.4320111091664316,ExperimentResult,Z0_0 * Z0_1→(1+0j)*X0X1,-0.2936,0.019122392171298578,2500,,,,,,ExperimentResult,Z0_0 * Z0_1→(1+0j)*Y0Y1,-0.2624,0.01930304481203953,2500,,,,,,ExperimentResult,Z0_0 * Z0_1→(1+0j)*Z0Z1,-1.0,0.0,2500,,,,,,ExperimentResult,Z0_0 * Z0_1→(1+0j)*Z0,0.964,0.005319108681618178,2500,,,,,,ExperimentResult,Z0_0 * Z0_1→(1+0j)*Z1,-0.964,0.005319108681618178,2500,,,,,
1.0156554562810376,ExperimentResult,Z0_0 * Z0_1→(1+0j)*X0X1,-0.896,0.008882857764527468,2500,,,,,,ExperimentResult,Z0_0 * Z0_1→(1+0j)*Y0Y1,-0.9128,0.008169771236994701,2500,,,,,,ExperimentResult,Z0_0 * Z0_1→(1+0j)*Z0Z1,-1.0,0.0,2500,,,,,,ExperimentResult,Z0_0 * Z0_1→(1+0j)*Z0,0.4176,0.018176255018528625,2500,,,,,,ExperimentResult,Z0_0 * Z0_1→(1+0j)*Z1,-0.4176,0.018176255018528625,2500,,,,,
-0.9778049423823654,ExperimentResult,Z0_0 * Z0_1→(1+0j)*X0X1,0.9368,0.0069987067918797306,2500,,,,,,ExperimentResult,Z0_0 * Z0_1→(1+0j)*Y0Y1,0.9432,0.00664583861287252,2500,,,,,,ExperimentResult,Z0_0 * Z0_1→(1+0j)*Z0Z1,-1.0,0.0,2500,,,,,,ExperimentResult,Z0_0 * Z0_1→(1+0j)*Z0,0.3688,0.018593894620731636,2500,,,,,,ExperimentResult,Z0_0 * Z0_1→(1+0j)*Z1,-0.3688,0.018593894620731636,2500,,,,,
-1.5455626508624485,ExperimentResult,Z0_0 * Z0_1→(1+0j)*X0X1,0.052,0.019976937483320235,2500,,,,,,ExperimentResult,Z0_0 * Z0_1→(1+0j)*Y0Y1,0.0432,0.019985326349792817,2500,,,,,,ExperimentResult,Z0_0 * Z0_1→(1+0j)*Z0Z1,-1.0,0.0,2500,,,,,,ExperimentResult,Z0_0 * Z0_1→(1+0j)*Z0,0.9992,0.0008000000000000168,2500,,,,,,ExperimentResult,Z0_0 * Z0_1→(1+0j)*Z1,-0.9992,0.0008000000000000168,2500,,,,,
-0.06939260881423248,ExperimentResult,Z0_0 * Z0_1→(1+0j)*X0X1,0.1584,0.019751451185408428,2500,,,,,,ExperimentResult,Z0_0 * Z0_1→(1+0j)*Y0Y1,0.132,0.01982896051410734,2500,,,,,,ExperimentResult,Z0_0 * Z0_1→(1+0j)*Z0Z1,-1.0,0.0,2500,,,,,,ExperimentResult,Z0_0 * Z0_1→(1+0j)*Z0,-0.9936,0.002259570371399226,2500,,,,,,ExperimentResult,Z0_0 * Z0_1→(1+0j)*Z1,0.9936,0.002259570371399226,2500,,,,,
0.7254681830578837,ExperimentResult,Z0_0 * Z0_1→(1+0j)*X0X1,-0.9936,0.0022595703713992454,2500,,,,,,ExperimentResult,Z0_0 * Z0_1→(1+0j)*Y0Y1,-0.9928,0.002396155383995307,2500,,,,,,ExperimentResult,Z0_0 * Z0_1→(1+0j)*Z0Z1,-1.0,0.0,2500,,,,,,ExperimentResult,Z0_0 * Z0_1→(1+0j)*Z0,-0.1152,0.019870820914333634,2500,,,,,,ExperimentResult,Z0_0 * Z0_1→(1+0j)*Z1,0.1152,0.019870820914333634,2500,,,,,
0.8894870766187966,ExperimentResult,Z0_0 * Z0_1→(1+0j)*X0X1,-0.9832,0.0036513609756897393,2500,,,,,,ExperimentResult,Z0_0 * Z0_1→(1+0j)*Y0Y1,-0.976,0.004356281771918632,2500,,,,,,ExperimentResult,Z0_0 * Z0_1→(1+0j)*Z0Z1,-1.0,0.0,2500,,,,,,ExperimentResult,Z0_0 * Z0_1→(1+0j)*Z0,0.204,0.019583334823291273,2500,,,,,,ExperimentResult,Z0_0 * Z0_1→(1+0j)*Z1,-0.204,0.019583334823291273,2500,,,,,
-1.091356484078382,ExperimentResult,Z0_0 * Z0_1→(1+0j)*X0X1,0.8288,0.011193138011094752,2500,,,,,,ExperimentResult,Z0_0 * Z0_1→(1+0j)*Y0Y1,0.8376,0.010927866365641652,2500,,,,,,ExperimentResult,Z0_0 * Z0_1→(1+0j)*Z0Z1,-1.0,0.0,2500,,,,,,ExperimentResult,Z0_0 * Z0_1→(1+0j)*Z0,0.5704,0.016430627565887375,2500,,,,,,ExperimentResult,Z0_0 * Z0_1→(1+0j)*Z1,-0.5704,0.016430627565887375,2500,,,,,
1.0661228081459335,ExperimentResult,Z0_0 * Z0_1→(1+0j)*X0X1,-0.8528,0.010446842518552817,2500,,,,,,ExperimentResult,Z0_0 * Z0_1→(1+0j)*Y0Y1,-0.8344,0.01102539249695378,2500,,,,,,ExperimentResult,Z0_0 * Z0_1→(1+0j)*Z0Z1,-1.0,0.0,2500,,,,,,ExperimentResult,Z0_0 * Z0_1→(1+0j)*Z0,0.5208,0.017076990175009778,2500,,,,,,ExperimentResult,Z0_0 * Z0_1→(1+0j)*Z1,-0.5208,0.017076990175009778,2500,,,,,
1.5581794888286722,ExperimentResult,Z0_0 * Z0_1→(1+0j)*X0X1,-0.0488,0.019980167838202386,2500,,,,,,ExperimentResult,Z0_0 * Z0_1→(1+0j)*Y0Y1,-0.0464,0.01998245569028406,2500,,,,,,ExperimentResult,Z0_0 * Z0_1→(1+0j)*Z0Z1,-1.0,0.0,2500,,,,,,ExperimentResult,Z0_0 * Z0_1→(1+0j)*Z0,1.0,0.0,2500,,,,,,ExperimentResult,Z0_0 * Z0_1→(1+0j)*Z1,-1.0,0.0,2500,,,,,
0.5235987755982987,ExperimentResult,Z0_0 * Z0_1→(1+0j)*X0X1,-0.8456,0.010678476855206405,2500,,,,,,ExperimentResult,Z0_0 * Z0_1→(1+0j)*Y0Y1,-0.8672,0.00996119240561373,2500,,,,,,ExperimentResult,Z0_0 * Z0_1→(1+0j)*Z0Z1,-1.0,0.0,2500,,,,,,ExperimentResult,Z0_0 * Z0_1→(1+0j)*Z0,-0.4976,0.01735160301675074,2500,,,,,,ExperimentResult,Z0_0 * Z0_1→(1+0j)*Z1,0.4976,0.01735160301675074,2500,,,,,
0.2964956922062656,ExperimentResult,Z0_0 * Z0_1→(1+0j)*X0X1,-0.5472,0.016743386766128295,2500,,,,,,ExperimentResult,Z0_0 * Z0_1→(1+0j)*Y0Y1,-0.5592,0.016583972843143013,2500,,,,,,ExperimentResult,Z0_0 * Z0_1→(1+0j)*Z0Z1,-1.0,0.0,2500,,,,,,ExperimentResult,Z0_0 * Z0_1→(1+0j)*Z0,-0.828,0.011216805547511133,2500,,,,,,ExperimentResult,Z0_0 * Z0_1→(1+0j)*Z1,0.828,0.011216805547511133,2500,,,,,
0.18294415051024893,ExperimentResult,Z0_0 * Z0_1→(1+0j)*X0X1,-0.3576,0.01868123366902086,2500,,,,,,ExperimentResult,Z0_0 * Z0_1→(1+0j)*Y0Y1,-0.3648,0.018625443534550888,2500,,,,,,ExperimentResult,Z0_0 * Z0_1→(1+0j)*Z0Z1,-1.0,0.0,2500,,,,,,ExperimentResult,Z0_0 * Z0_1→(1+0j)*Z0,-0.9192,0.007877395848003213,2500,,,,,,ExperimentResult,Z0_0 * Z0_1→(1+0j)*Z1,0.9192,0.007877395848003213,2500,,,,,
0.9525712664499172,ExperimentResult,Z0_0 * Z0_1→(1+0j)*X0X1,-0.9272,0.00749283130788378,2500,,,,,,ExperimentResult,Z0_0 * Z0_1→(1+0j)*Y0Y1,-0.9416,0.00673601704052388,2500,,,,,,ExperimentResult,Z0_0 * Z0_1→(1+0j)*Z0Z1,-1.0,0.0,2500,,,,,,ExperimentResult,Z0_0 * Z0_1→(1+0j)*Z0,0.3376,0.01882955965833437,2500,,,,,,ExperimentResult,Z0_0 * Z0_1→(1+0j)*Z1,-0.3376,0.01882955965833437,2500,,,,,
-0.3848135579698342,ExperimentResult,Z0_0 * Z0_1→(1+0j)*X0X1,0.6832,0.014607547918198762,2500,,,,,,ExperimentResult,Z0_0 * Z0_1→(1+0j)*Y0Y1,0.6848,0.014577537029084639,2500,,,,,,ExperimentResult,Z0_0 * Z0_1→(1+0j)*Z0Z1,-1.0,0.0,2500,,,,,,ExperimentResult,Z0_0 * Z0_1→(1+0j)*Z0,-0.7152,0.013981193565264822,2500,,,,,,ExperimentResult,Z0_0 * Z0_1→(1+0j)*Z1,0.7152,0.013981193565264822,2500,,,,,
0.9147207525512449,ExperimentResult,Z0_0 * Z0_1→(1+0j)*X0X1,-0.9688,0.004957868108620175,2500,,,,,,ExperimentResult,Z0_0 * Z0_1→(1+0j)*Y0Y1,-0.9576,0.005763174617575722,2500,,,,,,ExperimentResult,Z0_0 * Z0_1→(1+0j)*Z0Z1,-1.0,0.0,2500,,,,,,ExperimentResult,Z0_0 * Z0_1→(1+0j)*Z0,0.2648,0.01928992546615455,2500,,,,,,ExperimentResult,Z0_0 * Z0_1→(1+0j)*Z1,-0.2648,0.01928992546615455,2500,,,,,
0.8642534006863487,ExperimentResult,Z0_0 * Z0_1→(1+0j)*X0X1,-0.9912,0.002647985787630402,2500,,,,,,ExperimentResult,Z0_0 * Z0_1→(1+0j)*Y0Y1,-0.9888,0.0029855299957867276,2500,,,,,,ExperimentResult,Z0_0 * Z0_1→(1+0j)*Z0Z1,-1.0,0.0,2500,,,,,,ExperimentResult,Z0_0 * Z0_1→(1+0j)*Z0,0.1304,0.01983319637051211,2500,,,,,,ExperimentResult,Z0_0 * Z0_1→(1+0j)*Z1,-0.1304,0.01983319637051211,2500,,,,,
0.7633186969565559,ExperimentResult,Z0_0 * Z0_1→(1+0j)*X0X1,-0.9992,0.0008000000000000001,2500,,,,,,ExperimentResult,Z0_0 * Z0_1→(1+0j)*Y0Y1,-1.0,0.0,2500,,,,,,ExperimentResult,Z0_0 * Z0_1→(1+0j)*Z0Z1,-1.0,0.0,2500,,,,,,ExperimentResult,Z0_0 * Z0_1→(1+0j)*Z0,-0.036,0.019991034405018475,2500,,,,,,ExperimentResult,Z0_0 * Z0_1→(1+0j)*Z1,0.036,0.019991034405018475,2500,,,,,
-0.6245334793280914,ExperimentResult,Z0_0 * Z0_1→(1+0j)*X0X1,0.9376,0.006955706199912113,2500,,,,,,ExperimentResult,Z0_0 * Z0_1→(1+0j)*Y0Y1,0.9608,0.005545957722415807,2500,,,,,,ExperimentResult,Z0_0 * Z0_1→(1+0j)*Z0Z1,-1.0,0.0,2500,,,,,,ExperimentResult,Z0_0 * Z0_1→(1+0j)*Z0,-0.3256,0.018913935359419983,2500,,,,,,ExperimentResult,Z0_0 * Z0_1→(1+0j)*Z1,0.3256,0.018913935359419983,2500,,,,,
-1.0030386183148134,ExperimentResult,Z0_0 * Z0_1→(1+0j)*X0X1,0.9,0.008719541969901053,2500,,,,,,ExperimentResult,Z0_0 * Z0_1→(1+0j)*Y0Y1,0.912,0.008205445248899847,2500,,,,,,ExperimentResult,Z0_0 * Z0_1→(1+0j)*Z0Z1,-1.0,0.0,2500,,,,,,ExperimentResult,Z0_0 * Z0_1→(1+0j)*Z0,0.3848,0.01846369267451325,2500,,,,,,ExperimentResult,Z0_0 * Z0_1→(1+0j)*Z1,-0.3848,0.01846369267451325,2500,,,,,
-1.11659016001083,ExperimentResult,Z0_0 * Z0_1→(1+0j)*X0X1,0.7712,0.012734405759045626,2500,,,,,,ExperimentResult,Z0_0 * Z0_1→(1+0j)*Y0Y1,0.7832,0.012437885045045139,2500,,,,,,ExperimentResult,Z0_0 * Z0_1→(1+0j)*Z0Z1,-1.0,0.0,2500,,,,,,ExperimentResult,Z0_0 * Z0_1→(1+0j)*Z0,0.6192,0.01570780818877162,2500,,,,,,ExperimentResult,Z0_0 * Z0_1→(1+0j)*Z1,-0.6192,0.01570780818877162,2500,,,,,
-0.4100472339022823,ExperimentResult,Z0_0 * Z0_1→(1+0j)*X0X1,0.7336,0.013594349507623166,2500,,,,,,ExperimentResult,Z0_0 * Z0_1→(1+0j)*Y0Y1,0.7368,0.01352492045778295,2500,,,,,,ExperimentResult,Z0_0 * Z0_1→(1+0j)*Z0Z1,-1.0,0.0,2500,,,,,,ExperimentResult,Z0_0 * Z0_1→(1+0j)*Z0,-0.6728,0.014799448417741225,2500,,,,,,ExperimentResult,Z0_0 * Z0_1→(1+0j)*Z1,0.6728,0.014799448417741225,2500,,,,,
-0.5614492894969711,ExperimentResult,Z0_0 * Z0_1→(1+0j)*X0X1,0.9072,0.008415675459365989,2500,,,,,,ExperimentResult,Z0_0 * Z0_1→(1+0j)*Y0Y1,0.8976,0.008817981555860036,2500,,,,,,ExperimentResult,Z0_0 * Z0_1→(1+0j)*Z0Z1,-1.0,0.0,2500,,,,,,ExperimentResult,Z0_0 * Z0_1→(1+0j)*Z0,-0.3976,0.018354848301810167,2500,,,,,,ExperimentResult,Z0_0 * Z0_1→(1+0j)*Z1,0.3976,0.018354848301810167,2500,,,,,
-1.3689269193353115,ExperimentResult,Z0_0 * Z0_1→(1+0j)*X0X1,0.4056,0.018284670838575955,2500,,,,,,ExperimentResult,Z0_0 * Z0_1→(1+0j)*Y0Y1,0.3792,0.018509997082571318,2500,,,,,,ExperimentResult,Z0_0 * Z0_1→(1+0j)*Z0Z1,-1.0,0.0,2500,,,,,,ExperimentResult,Z0_0 * Z0_1→(1+0j)*Z0,0.9152,0.008061611491006933,2500,,,,,,ExperimentResult,Z0_0 * Z0_1→(1+0j)*Z1,-0.9152,0.008061611491006933,2500,,,,,
-1.4824784610313282,ExperimentResult,Z0_0 * Z0_1→(1+0j)*X0X1,0.1752,0.019694596590281853,2500,,,,,,ExperimentResult,Z0_0 * Z0_1→(1+0j)*Y0Y1,0.1544,0.019764121640024397,2500,,,,,,ExperimentResult,Z0_0 * Z0_1→(1+0j)*Z0Z1,-1.0,0.0,2500,,,,,,ExperimentResult,Z0_0 * Z0_1→(1+0j)*Z0,0.988,0.0030896955331220976,2500,,,,,,ExperimentResult,Z0_0 * Z0_1→(1+0j)*Z1,-0.988,0.0030896955331220976,2500,,,,,
1.2301417017068466,ExperimentResult,Z0_0 * Z0_1→(1+0j)*X0X1,-0.6112,0.01583269066322762,2500,,,,,,ExperimentResult,Z0_0 * Z0_1→(1+0j)*Y0Y1,-0.6352,0.015450044192371053,2500,,,,,,ExperimentResult,Z0_0 * Z0_1→(1+0j)*Z0Z1,-1.0,0.0,2500,,,,,,ExperimentResult,Z0_0 * Z0_1→(1+0j)*Z0,0.776,0.01261718182919305,2500,,,,,,ExperimentResult,Z0_0 * Z0_1→(1+0j)*Z1,-0.776,0.01261718182919305,2500,,,,,
0.9904217803485892,ExperimentResult,Z0_0 * Z0_1→(1+0j)*X0X1,-0.9144,0.008097856884043197,2500,,,,,,ExperimentResult,Z0_0 * Z0_1→(1+0j)*Y0Y1,-0.9,0.008719541969901053,2500,,,,,,ExperimentResult,Z0_0 * Z0_1→(1+0j)*Z0Z1,-1.0,0.0,2500,,,,,,ExperimentResult,Z0_0 * Z0_1→(1+0j)*Z0,0.3984,0.01834790544595505,2500,,,,,,ExperimentResult,Z0_0 * Z0_1→(1+0j)*Z1,-0.3984,0.01834790544595505,2500,,,,,
0.13247679864535256,ExperimentResult,Z0_0 * Z0_1→(1+0j)*X0X1,-0.2688,0.019267774205889474,2500,,,,,,ExperimentResult,Z0_0 * Z0_1→(1+0j)*Y0Y1,-0.256,0.019337403498650686,2500,,,,,,ExperimentResult,Z0_0 * Z0_1→(1+0j)*Z0Z1,-1.0,0.0,2500,,,,,,ExperimentResult,Z0_0 * Z0_1→(1+0j)*Z0,-0.9656,0.005201680400754768,2500,,,,,,ExperimentResult,Z0_0 * Z0_1→(1+0j)*Z1,0.9656,0.005201680400754768,2500,,,,,
-1.3563100813690874,ExperimentResult,Z0_0 * Z0_1→(1+0j)*X0X1,0.4056,0.018284670838575955,2500,,,,,,ExperimentResult,Z0_0 * Z0_1→(1+0j)*Y0Y1,0.4216,0.01813926650103797,2500,,,,,,ExperimentResult,Z0_0 * Z0_1→(1+0j)*Z0Z1,-1.0,0.0,2500,,,,,,ExperimentResult,Z0_0 * Z0_1→(1+0j)*Z0,0.9168,0.007988531194923062,2500,,,,,,ExperimentResult,Z0_0 * Z0_1→(1+0j)*Z1,-0.9168,0.007988531194923062,2500,,,,,
-0.4983650996658509,ExperimentResult,Z0_0 * Z0_1→(1+0j)*X0X1,0.84,0.010853898969915817,2500,,,,,,ExperimentResult,Z0_0 * Z0_1→(1+0j)*Y0Y1,0.8496,0.010550661713136006,2500,,,,,,ExperimentResult,Z0_0 * Z0_1→(1+0j)*Z0Z1,-1.0,0.0,2500,,,,,,ExperimentResult,Z0_0 * Z0_1→(1+0j)*Z0,-0.5288,0.016978325282894,2500,,,,,,ExperimentResult,Z0_0 * Z0_1→(1+0j)*Z1,0.5288,0.016978325282894,2500,,,,,
0.8516365627201248,ExperimentResult,Z0_0 * Z0_1→(1+0j)*X0X1,-0.9936,0.0022595703713992454,2500,,,,,,ExperimentResult,Z0_0 * Z0_1→(1+0j)*Y0Y1,-0.9928,0.0023961553839953074,2500,,,,,,ExperimentResult,Z0_0 * Z0_1→(1+0j)*Z0Z1,-1.0,0.0,2500,,,,,,ExperimentResult,Z0_0 * Z0_1→(1+0j)*Z0,0.0816,0.01993729104541774,2500,,,,,,ExperimentResult,Z0_0 * Z0_1→(1+0j)*Z1,-0.0816,0.01993729104541774,2500,,,,,
-0.548832451530747,ExperimentResult,Z0_0 * Z0_1→(1+0j)*X0X1,0.8952,0.008915075738891514,2500,,,,,,ExperimentResult,Z0_0 * Z0_1→(1+0j)*Y0Y1,0.8992,0.00875250744384841,2500,,,,,,ExperimentResult,Z0_0 * Z0_1→(1+0j)*Z0Z1,-1.0,0.0,2500,,,,,,ExperimentResult,Z0_0 * Z0_1→(1+0j)*Z0,-0.4224,0.018131817369487314,2500,,,,,,ExperimentResult,Z0_0 * Z0_1→(1+0j)*Z1,0.4224,0.018131817369487314,2500,,,,,
0.3974303959360581,ExperimentResult,Z0_0 * Z0_1→(1+0j)*X0X1,-0.7168,0.013948366455277418,2500,,,,,,ExperimentResult,Z0_0 * Z0_1→(1+0j)*Y0Y1,-0.6976,0.014332615446812857,2500,,,,,,ExperimentResult,Z0_0 * Z0_1→(1+0j)*Z0Z1,-1.0,0.0,2500,,,,,,ExperimentResult,Z0_0 * Z0_1→(1+0j)*Z0,-0.72,0.013882257987616255,2500,,,,,,ExperimentResult,Z0_0 * Z0_1→(1+0j)*Z1,0.72,0.013882257987616255,2500,,,,,
0.4226640718685062,ExperimentResult,Z0_0 * Z0_1→(1+0j)*X0X1,-0.748,0.013276630128275218,2500,,,,,,ExperimentResult,Z0_0 * Z0_1→(1+0j)*Y0Y1,-0.7472,0.013294644148122583,2500,,,,,,ExperimentResult,Z0_0 * Z0_1→(1+0j)*Z0Z1,-1.0,0.0,2500,,,,,,ExperimentResult,Z0_0 * Z0_1→(1+0j)*Z0,-0.6632,0.01497183911169741,2500,,,,,,ExperimentResult,Z0_0 * Z0_1→(1+0j)*Z1,0.6632,0.01497183911169741,2500,,,,,
0.5362156135645226,ExperimentResult,Z0_0 * Z0_1→(1+0j)*X0X1,-0.8728,0.009763513428975818,2500,,,,,,ExperimentResult,Z0_0 * Z0_1→(1+0j)*Y0Y1,-0.8768,0.009619028760000372,2500,,,,,,ExperimentResult,Z0_0 * Z0_1→(1+0j)*Z0Z1,-1.0,0.0,2500,,,,,,ExperimentResult,Z0_0 * Z0_1→(1+0j)*Z0,-0.492,0.017415387399863508,2500,,,,,,ExperimentResult,Z0_0 * Z0_1→(1+0j)*Z1,0.492,0.017415387399863508,2500,,,,,
0.6245334793280914,ExperimentResult,Z0_0 * Z0_1→(1+0j)*X0X1,-0.9536,0.006022734041125514,2500,,,,,,ExperimentResult,Z0_0 * Z0_1→(1+0j)*Y0Y1,-0.9536,0.006022734041125514,2500,,,,,,ExperimentResult,Z0_0 * Z0_1→(1+0j)*Z0Z1,-1.0,0.0,2500,,,,,,ExperimentResult,Z0_0 * Z0_1→(1+0j)*Z0,-0.3216,0.01894130104174639,2500,,,,,,ExperimentResult,Z0_0 * Z0_1→(1+0j)*Z1,0.3216,0.01894130104174639,2500,,,,,
-0.08200944678045641,ExperimentResult,Z0_0 * Z0_1→(1+0j)*X0X1,0.1664,0.019725112116771543,2500,,,,,,ExperimentResult,Z0_0 * Z0_1→(1+0j)*Y0Y1,0.1664,0.019725112116771547,2500,,,,,,ExperimentResult,Z0_0 * Z0_1→(1+0j)*Z0Z1,-1.0,0.0,2500,,,,,,ExperimentResult,Z0_0 * Z0_1→(1+0j)*Z0,-0.9848,0.0034745378059803304,2500,,,,,,ExperimentResult,Z0_0 * Z0_1→(1+0j)*Z1,0.9848,0.0034745378059803304,2500,,,,,
-0.7759355349227802,ExperimentResult,Z0_0 * Z0_1→(1+0j)*X0X1,1.0,0.0,2500,,,,,,ExperimentResult,Z0_0 * Z0_1→(1+0j)*Y0Y1,1.0,0.0,2500,,,,,,ExperimentResult,Z0_0 * Z0_1→(1+0j)*Z0Z1,-1.0,0.0,2500,,,,,,ExperimentResult,Z0_0 * Z0_1→(1+0j)*Z0,-0.02,0.019999999999999893,2500,,,,,,ExperimentResult,Z0_0 * Z0_1→(1+0j)*Z1,0.02,0.019999999999999893,2500,,,,,
-0.6119166413618674,ExperimentResult,Z0_0 * Z0_1→(1+0j)*X0X1,0.9448,0.006554263295515278,2500,,,,,,ExperimentResult,Z0_0 * Z0_1→(1+0j)*Y0Y1,0.94,0.006824853951007379,2500,,,,,,ExperimentResult,Z0_0 * Z0_1→(1+0j)*Z0Z1,-1.0,0.0,2500,,,,,,ExperimentResult,Z0_0 * Z0_1→(1+0j)*Z0,-0.3592,0.01866894629651951,2500,,,,,,ExperimentResult,Z0_0 * Z0_1→(1+0j)*Z1,0.3592,0.01866894629651951,2500,,,,,
-0.056775770848008326,ExperimentResult,Z0_0 * Z0_1→(1+0j)*X0X1,0.1624,0.019738448230177928,2500,,,,,,ExperimentResult,Z0_0 * Z0_1→(1+0j)*Y0Y1,0.1,0.019903729886263887,2500,,,,,,ExperimentResult,Z0_0 * Z0_1→(1+0j)*Z0Z1,-1.0,0.0,2500,,,,,,ExperimentResult,Z0_0 * Z0_1→(1+0j)*Z0,-0.992,0.002525262517108242,2500,,,,,,ExperimentResult,Z0_0 * Z0_1→(1+0j)*Z1,0.992,0.002525262517108242,2500,,,,,
-1.5203289749300002,ExperimentResult,Z0_0 * Z0_1→(1+0j)*X0X1,0.1008,0.019902115005010622,2500,,,,,,ExperimentResult,Z0_0 * Z0_1→(1+0j)*Y0Y1,0.1072,0.01988872767663729,2500,,,,,,ExperimentResult,Z0_0 * Z0_1→(1+0j)*Z0Z1,-1.0,0.0,2500,,,,,,ExperimentResult,Z0_0 * Z0_1→(1+0j)*Z0,0.9936,0.00225957037139923,2500,,,,,,ExperimentResult,Z0_0 * Z0_1→(1+0j)*Z1,-0.9936,0.00225957037139923,2500,,,,,
-0.6623839932267637,ExperimentResult,Z0_0 * Z0_1→(1+0j)*X0X1,0.9656,0.005201680400754802,2500,,,,,,ExperimentResult,Z0_0 * Z0_1→(1+0j)*Y0Y1,0.968,0.0050200079872522955,2500,,,,,,ExperimentResult,Z0_0 * Z0_1→(1+0j)*Z0Z1,-1.0,0.0,2500,,,,,,ExperimentResult,Z0_0 * Z0_1→(1+0j)*Z0,-0.24,0.019419342016086777,2500,,,,,,ExperimentResult,Z0_0 * Z0_1→(1+0j)*Z1,0.24,0.019419342016086777,2500,,,,,
1.103973322044606,ExperimentResult,Z0_0 * Z0_1→(1+0j)*X0X1,-0.808,0.011786007126486657,2500,,,,,,ExperimentResult,Z0_0 * Z0_1→(1+0j)*Y0Y1,-0.8088,0.011764029112186903,2500,,,,,,ExperimentResult,Z0_0 * Z0_1→(1+0j)*Z0Z1,-1.0,0.0,2500,,,,,,ExperimentResult,Z0_0 * Z0_1→(1+0j)*Z0,0.5896,0.016157139513630167,2500,,,,,,ExperimentResult,Z0_0 * Z0_1→(1+0j)*Z1,-0.5896,0.016157139513630167,2500,,,,,
1.3563100813690872,ExperimentResult,Z0_0 * Z0_1→(1+0j)*X0X1,-0.4096,0.018248954647822852,2500,,,,,,ExperimentResult,Z0_0 * Z0_1→(1+0j)*Y0Y1,-0.4272,0.018086760803597383,2500,,,,,,ExperimentResult,Z0_0 * Z0_1→(1+0j)*Z0Z1,-1.0,0.0,2500,,,,,,ExperimentResult,Z0_0 * Z0_1→(1+0j)*Z0,0.9128,0.008169771236994743,2500,,,,,,ExperimentResult,Z0_0 * Z0_1→(1+0j)*Z1,-0.9128,0.008169771236994743,2500,,,,,
-0.6371503172943155,ExperimentResult,Z0_0 * Z0_1→(1+0j)*X0X1,0.9648,0.005260746542238341,2500,,,,,,ExperimentResult,Z0_0 * Z0_1→(1+0j)*Y0Y1,0.9608,0.005545957722415807,2500,,,,,,ExperimentResult,Z0_0 * Z0_1→(1+0j)*Z0Z1,-1.0,0.0,2500,,,,,,ExperimentResult,Z0_0 * Z0_1→(1+0j)*Z0,-0.3064,0.019041865797795075,2500,,,,,,ExperimentResult,Z0_0 * Z0_1→(1+0j)*Z1,0.3064,0.019041865797795075,2500,,,,,
1.3436932434028632,ExperimentResult,Z0_0 * Z0_1→(1+0j)*X0X1,-0.4112,0.018234550269458572,2500,,,,,,ExperimentResult,Z0_0 * Z0_1→(1+0j)*Y0Y1,-0.4456,0.01790822542339486,2500,,,,,,ExperimentResult,Z0_0 * Z0_1→(1+0j)*Z0Z1,-1.0,0.0,2500,,,,,,ExperimentResult,Z0_0 * Z0_1→(1+0j)*Z0,0.9032,0.008586116267383372,2500,,,,,,ExperimentResult,Z0_0 * Z0_1→(1+0j)*Z1,-0.9032,0.008586116267383372,2500,,,,,
-0.006308418983112185,ExperimentResult,Z0_0 * Z0_1→(1+0j)*X0X1,0.0152,0.02000169020469065,2500,,,,,,ExperimentResult,Z0_0 * Z0_1→(1+0j)*Y0Y1,0.0048,0.020003770752978926,2500,,,,,,ExperimentResult,Z0_0 * Z0_1→(1+0j)*Z0Z1,-1.0,0.0,2500,,,,,,ExperimentResult,Z0_0 * Z0_1→(1+0j)*Z0,-1.0,0.0,2500,,,,,,ExperimentResult,Z0_0 * Z0_1→(1+0j)*Z1,1.0,0.0,2500,,,,,
-1.1670575118757265,ExperimentResult,Z0_0 * Z0_1→(1+0j)*X0X1,0.704,0.014206841089189863,2500,,,,,,ExperimentResult,Z0_0 * Z0_1→(1+0j)*Y0Y1,0.716,0.013964798825708051,2500,,,,,,ExperimentResult,Z0_0 * Z0_1→(1+0j)*Z0Z1,-1.0,0.0,2500,,,,,,ExperimentResult,Z0_0 * Z0_1→(1+0j)*Z0,0.688,0.01451711743699403,2500,,,,,,ExperimentResult,Z0_0 * Z0_1→(1+0j)*Z1,-0.688,0.01451711743699403,2500,,,,,
1.3815437573015354,ExperimentResult,Z0_0 * Z0_1→(1+0j)*X0X1,-0.3688,0.01859389462073147,2500,,,,,,ExperimentResult,Z0_0 * Z0_1→(1+0j)*Y0Y1,-0.3728,0.018561947159523463,2500,,,,,,ExperimentResult,Z0_0 * Z0_1→(1+0j)*Z0Z1,-1.0,0.0,2500,,,,,,ExperimentResult,Z0_0 * Z0_1→(1+0j)*Z0,0.9424,0.006691098887456939,2500,,,,,,ExperimentResult,Z0_0 * Z0_1→(1+0j)*Z1,-0.9424,0.006691098887456939,2500,,,,,
1.2175248637406226,ExperimentResult,Z0_0 * Z0_1→(1+0j)*X0X1,-0.6632,0.014971839111697489,2500,,,,,,ExperimentResult,Z0_0 * Z0_1→(1+0j)*Y0Y1,-0.6472,0.015249455149379641,2500,,,,,,ExperimentResult,Z0_0 * Z0_1→(1+0j)*Z0Z1,-1.0,0.0,2500,,,,,,ExperimentResult,Z0_0 * Z0_1→(1+0j)*Z0,0.7624,0.012944710201811347,2500,,,,,,ExperimentResult,Z0_0 * Z0_1→(1+0j)*Z1,-0.7624,0.012944710201811347,2500,,,,,
0.2460283403413692,ExperimentResult,Z0_0 * Z0_1→(1+0j)*X0X1,-0.4696,0.0176611183689147,2500,,,,,,ExperimentResult,Z0_0 * Z0_1→(1+0j)*Y0Y1,-0.4816,0.017531329527620043,2500,,,,,,ExperimentResult,Z0_0 * Z0_1→(1+0j)*Z0Z1,-1.0,0.0,2500,,,,,,ExperimentResult,Z0_0 * Z0_1→(1+0j)*Z0,-0.8792,0.009530964259291117,2500,,,,,,ExperimentResult,Z0_0 * Z0_1→(1+0j)*Z1,0.8792,0.009530964259291117,2500,,,,,
0.2712620162738175,ExperimentResult,Z0_0 * Z0_1→(1+0j)*X0X1,-0.5144,0.017154438664857632,2500,,,,,,ExperimentResult,Z0_0 * Z0_1→(1+0j)*Y0Y1,-0.5208,0.017076990175009618,2500,,,,,,ExperimentResult,Z0_0 * Z0_1→(1+0j)*Z0Z1,-1.0,0.0,2500,,,,,,ExperimentResult,Z0_0 * Z0_1→(1+0j)*Z0,-0.8632,0.010099262450338568,2500,,,,,,ExperimentResult,Z0_0 * Z0_1→(1+0j)*Z1,0.8632,0.010099262450338568,2500,,,,,
0.2334115023751453,ExperimentResult,Z0_0 * Z0_1→(1+0j)*X0X1,-0.4184,0.018168891530519385,2500,,,,,,ExperimentResult,Z0_0 * Z0_1→(1+0j)*Y0Y1,-0.46,0.017761931045857347,2500,,,,,,ExperimentResult,Z0_0 * Z0_1→(1+0j)*Z0Z1,-1.0,0.0,2500,,,,,,ExperimentResult,Z0_0 * Z0_1→(1+0j)*Z0,-0.8944,0.008947149076137898,2500,,,,,,ExperimentResult,Z0_0 * Z0_1→(1+0j)*Z1,0.8944,0.008947149076137898,2500,,,,,
1.305842729504191,ExperimentResult,Z0_0 * Z0_1→(1+0j)*X0X1,-0.5024,0.017296166018617463,2500,,,,,,ExperimentResult,Z0_0 * Z0_1→(1+0j)*Y0Y1,-0.476,0.01759242443095731,2500,,,,,,ExperimentResult,Z0_0 * Z0_1→(1+0j)*Z0Z1,-1.0,0.0,2500,,,,,,ExperimentResult,Z0_0 * Z0_1→(1+0j)*Z0,0.8576,0.010288403009923232,2500,,,,,,ExperimentResult,Z0_0 * Z0_1→(1+0j)*Z1,-0.8576,0.010288403009923232,2500,,,,,
-0.6497671552605395,ExperimentResult,Z0_0 * Z0_1→(1+0j)*X0X1,0.96,0.005601120336112038,2500,,,,,,ExperimentResult,Z0_0 * Z0_1→(1+0j)*Y0Y1,0.9664,0.005141885996075629,2500,,,,,,ExperimentResult,Z0_0 * Z0_1→(1+0j)*Z0Z1,-1.0,0.0,2500,,,,,,ExperimentResult,Z0_0 * Z0_1→(1+0j)*Z0,-0.2584,0.01932462554516885,2500,,,,,,ExperimentResult,Z0_0 * Z0_1→(1+0j)*Z1,0.2584,0.01932462554516885,2500,,,,,
0.28387885424004144,ExperimentResult,Z0_0 * Z0_1→(1+0j)*X0X1,-0.5512,0.016690801572808216,2500,,,,,,ExperimentResult,Z0_0 * Z0_1→(1+0j)*Y0Y1,-0.54,0.016836668000401452,2500,,,,,,ExperimentResult,Z0_0 * Z0_1→(1+0j)*Z0Z1,-1.0,0.0,2500,,,,,,ExperimentResult,Z0_0 * Z0_1→(1+0j)*Z0,-0.8344,0.011025392496953472,2500,,,,,,ExperimentResult,Z0_0 * Z0_1→(1+0j)*Z1,0.8344,0.011025392496953472,2500,,,,,
1.0030386183148132,ExperimentResult,Z0_0 * Z0_1→(1+0j)*X0X1,-0.896,0.008882857764527468,2500,,,,,,ExperimentResult,Z0_0 * Z0_1→(1+0j)*Y0Y1,-0.9304,0.007332383073504457,2500,,,,,,ExperimentResult,Z0_0 * Z0_1→(1+0j)*Z0Z1,-1.0,0.0,2500,,,,,,ExperimentResult,Z0_0 * Z0_1→(1+0j)*Z0,0.4368,0.01799477226117306,2500,,,,,,ExperimentResult,Z0_0 * Z0_1→(1+0j)*Z1,-0.4368,0.01799477226117306,2500,,,,,
-0.04415893288178418,ExperimentResult,Z0_0 * Z0_1→(1+0j)*X0X1,0.1232,0.019851607958435363,2500,,,,,,ExperimentResult,Z0_0 * Z0_1→(1+0j)*Y0Y1,0.0912,0.01992063645325322,2500,,,,,,ExperimentResult,Z0_0 * Z0_1→(1+0j)*Z0Z1,-1.0,0.0,2500,,,,,,ExperimentResult,Z0_0 * Z0_1→(1+0j)*Z0,-0.996,0.001787422152481166,2500,,,,,,ExperimentResult,Z0_0 * Z0_1→(1+0j)*Z1,0.996,0.001787422152481166,2500,,,,,
-0.9399544284836931,ExperimentResult,Z0_0 * Z0_1→(1+0j)*X0X1,0.9592,0.005655699671615369,2500,,,,,,ExperimentResult,Z0_0 * Z0_1→(1+0j)*Y0Y1,0.9528,0.006073188408651489,2500,,,,,,ExperimentResult,Z0_0 * Z0_1→(1+0j)*Z0Z1,-1.0,0.0,2500,,,,,,ExperimentResult,Z0_0 * Z0_1→(1+0j)*Z0,0.2904,0.019141935677475158,2500,,,,,,ExperimentResult,Z0_0 * Z0_1→(1+0j)*Z1,-0.2904,0.019141935677475158,2500,,,,,
-1.2301417017068468,ExperimentResult,Z0_0 * Z0_1→(1+0j)*X0X1,0.6528,0.01515363709103642,2500,,,,,,ExperimentResult,Z0_0 * Z0_1→(1+0j)*Y0Y1,0.6312,0.015515505675502384,2500,,,,,,ExperimentResult,Z0_0 * Z0_1→(1+0j)*Z0Z1,-1.0,0.0,2500,,,,,,ExperimentResult,Z0_0 * Z0_1→(1+0j)*Z0,0.7752,0.012636845331963924,2500,,,,,,ExperimentResult,Z0_0 * Z0_1→(1+0j)*Z1,-0.7752,0.012636845331963924,2500,,,,,
-1.2427585396730707,ExperimentResult,Z0_0 * Z0_1→(1+0j)*X0X1,0.5904,0.016145445368972174,2500,,,,,,ExperimentResult,Z0_0 * Z0_1→(1+0j)*Y0Y1,0.58,0.01629558892729548,2500,,,,,,ExperimentResult,Z0_0 * Z0_1→(1+0j)*Z0Z1,-1.0,0.0,2500,,,,,,ExperimentResult,Z0_0 * Z0_1→(1+0j)*Z0,0.7984,0.012044957799982738,2500,,,,,,ExperimentResult,Z0_0 * Z0_1→(1+0j)*Z1,-0.7984,0.012044957799982738,2500,,,,,
-1.103973322044606,ExperimentResult,Z0_0 * Z0_1→(1+0j)*X0X1,0.8136,0.011630826559216685,2500,,,,,,ExperimentResult,Z0_0 * Z0_1→(1+0j)*Y0Y1,0.7984,0.012044957799982587,2500,,,,,,ExperimentResult,Z0_0 * Z0_1→(1+0j)*Z0Z1,-1.0,0.0,2500,,,,,,ExperimentResult,Z0_0 * Z0_1→(1+0j)*Z0,0.6048,0.015930734424995315,2500,,,,,,ExperimentResult,Z0_0 * Z0_1→(1+0j)*Z1,-0.6048,0.015930734424995315,2500,,,,,
-1.4193942712002077,ExperimentResult,Z0_0 * Z0_1→(1+0j)*X0X1,0.2968,0.019102614165270128,2500,,,,,,ExperimentResult,Z0_0 * Z0_1→(1+0j)*Y0Y1,0.2912,0.019137071745855015,2500,,,,,,ExperimentResult,Z0_0 * Z0_1→(1+0j)*Z0Z1,-1.0,0.0,2500,,,,,,ExperimentResult,Z0_0 * Z0_1→(1+0j)*Z0,0.9568,0.005816101341442135,2500,,,,,,ExperimentResult,Z0_0 * Z0_1→(1+0j)*Z1,-0.9568,0.005816101341442135,2500,,,,,
0.5992998033956431,ExperimentResult,Z0_0 * Z0_1→(1+0j)*X0X1,-0.9304,0.007332383073504457,2500,,,,,,ExperimentResult,Z0_0 * Z0_1→(1+0j)*Y0Y1,-0.9312,0.007291631583977798,2500,,,,,,ExperimentResult,Z0_0 * Z0_1→(1+0j)*Z0Z1,-1.0,0.0,2500,,,,,,ExperimentResult,Z0_0 * Z0_1→(1+0j)*Z0,-0.3736,0.01855550966089364,2500,,,,,,ExperimentResult,Z0_0 * Z0_1→(1+0j)*Z1,0.3736,0.01855550966089364,2500,,,,,
